tier,review_score,grade,class_score,doc_id,page_id,date_guess,title,reason,doc_key,url
重点校订,141,A,90,514,905,1945/05/24 ~ 1945/05/24,戴笠呈蒋中正民主同盟分子左舜生张君劢拟从事调解国共纠纷,组织直接命中：民主同盟；人物：张君劢、左舜生；事件：调解国共；机关/情报：戴笠、蒋中正；年份：1945,drnh:002-020300-00050-104,https://ahonline.drnh.gov.tw/index.php?act=Archive/search/eyJxdWVyeSI6W3siZmllbGQiOiJzdG9yZV9ubyIsInZhbHVlIjoiMDAyLTAyMDMwMC0wMDA1MC0xMDQiLCJhdHRyIjoiKyJ9XX0%3D
重点校订,141,A,90,534,925,1945/07/01 ~ 1945/07/01,蒋中正接宋子文电如接洽各事一切顺利拟向苏联提出军火租借案又接戴笠电据报美大使赫尔利曾召民主同盟份子张申府董时进谈话且美军机一架载黄炎培左舜生傅斯年等人自九龙…,组织直接命中：民主同盟；人物：左舜生、黄炎培；事件：赫尔利；机关/情报：戴笠、蒋中正；年份：1945,drnh:002-060100-00202-001,https://ahonline.drnh.gov.tw/index.php?act=Archive/search/eyJxdWVyeSI6W3siZmllbGQiOiJzdG9yZV9ubyIsInZhbHVlIjoiMDAyLTA2MDEwMC0wMDIwMi0wMDEiLCJhdHRyIjoiKyJ9XX0%3D
重点校订,139,A,90,591,982,1947/10/22 ~ 1947/10/22,薛岳呈蒋中正各党派动态民盟决定坚守立场不参加改组政府及李济琛何香凝等企图发动新政治协商与冯玉祥在美从事反政府活动等情报提要等六则,组织直接命中：民盟；事件：政治协商、改组政府；机关/情报：蒋中正、情报；年份：1947,drnh:002-080200-00537-058,https://ahonline.drnh.gov.tw/index.php?act=Archive/search/eyJxdWVyeSI6W3siZmllbGQiOiJzdG9yZV9ubyIsInZhbHVlIjoiMDAyLTA4MDIwMC0wMDUzNy0wNTgiLCJhdHRyIjoiKyJ9XX0%3D
重点校订,138,A,90,604,995,1947/01/31 ~ 1947/01/31,保密局及张镇等呈蒋中正民社党参加政府内情中共与民盟对改组政府意向及朱学范在港重组劳协情形等情报提要三则,组织直接命中：民盟；事件：改组政府；机关/情报：蒋中正、情报、保密局；年份：1947,drnh:002-080200-00541-022,https://ahonline.drnh.gov.tw/index.php?act=Archive/search/eyJxdWVyeSI6W3siZmllbGQiOiJzdG9yZV9ubyIsInZhbHVlIjoiMDAyLTA4MDIwMC0wMDU0MS0wMjIiLCJhdHRyIjoiKyJ9XX0%3D
重点校订,138,A,90,585,976,1947/05/19 ~ 1947/05/19,保密局呈蒋中正民盟企图于本届参政会发动和平运动提出就地停战实行民选情报提要,组织直接命中：民盟；事件：停战；机关/情报：蒋中正、情报、保密局；年份：1947,drnh:002-080200-00536-024,https://ahonline.drnh.gov.tw/index.php?act=Archive/search/eyJxdWVyeSI6W3siZmllbGQiOiJzdG9yZV9ubyIsInZhbHVlIjoiMDAyLTA4MDIwMC0wMDUzNi0wMjQiLCJhdHRyIjoiKyJ9XX0%3D
重点校订,138,A,90,587,978,1947/08/02 ~ 1947/08/02,保密局等呈蒋中正民盟向魏德迈使团活动情形美国出面调停内战之情报提要等四则,组织直接命中：民盟；事件：内战；机关/情报：蒋中正、情报、保密局；年份：1947,drnh:002-080200-00536-092,https://ahonline.drnh.gov.tw/index.php?act=Archive/search/eyJxdWVyeSI6W3siZmllbGQiOiJzdG9yZV9ubyIsInZhbHVlIjoiMDAyLTA4MDIwMC0wMDUzNi0wOTIiLCJhdHRyIjoiKyJ9XX0%3D
重点校订,138,A,90,592,983,1947/11/05 ~ 1947/11/05,保密局呈蒋中正民盟留沪人员姓名及疏散情形与中共唆使李济琛等召集非法国民党代表大会等情报提要等四则,组织直接命中：民盟；事件：非法；机关/情报：蒋中正、情报、保密局；年份：1947,drnh:002-080200-00537-081,https://ahonline.drnh.gov.tw/index.php?act=Archive/search/eyJxdWVyeSI6W3siZmllbGQiOiJzdG9yZV9ubyIsInZhbHVlIjoiMDAyLTA4MDIwMC0wMDUzNy0wODEiLCJhdHRyIjoiKyJ9XX0%3D
重点校订,137,A,90,623,1014,1945/09/22 ~ 1945/09/22,邱清泉电唐纵戴笠等情报暂十七师开越及共党在昆活动机关有观察报社等又民盟罗隆基李公朴潘光旦等人于各大学演讲诋毁元首请令严密防范为要,组织直接命中：民盟；人物：罗隆基、李公朴；机关/情报：戴笠、情报；年份：1945,drnh:002-090300-00017-115,https://ahonline.drnh.gov.tw/index.php?act=Archive/search/eyJxdWVyeSI6W3siZmllbGQiOiJzdG9yZV9ubyIsInZhbHVlIjoiMDAyLTA5MDMwMC0wMDAxNy0xMTUiLCJhdHRyIjoiKyJ9XX0%3D
重点校订,137,A,90,606,997,1947/04/16 ~ 1947/04/16,保密局呈报蒋中正告以章伯钧企图分化民社党及民盟对时局之观察与所持态度等情报提要四则,组织直接命中：民盟；人物：章伯钧；机关/情报：蒋中正、情报、保密局；年份：1947,drnh:002-080200-00541-036,https://ahonline.drnh.gov.tw/index.php?act=Archive/search/eyJxdWVyeSI6W3siZmllbGQiOiJzdG9yZV9ubyIsInZhbHVlIjoiMDAyLTA4MDIwMC0wMDU0MS0wMzYiLCJhdHRyIjoiKyJ9XX0%3D
重点校订,136,A,90,556,947,1946/05/01 ~ 1946/05/01,郑介民电蒋中正徐永昌谍报延安派来姚某与叶剑英谈话内容在军事面中共于华北取守势对东北采攻势及政治取攻势以民主同盟为先锋政治协商为战场使马歇尔观战,组织直接命中：民主同盟；事件：政治协商、马歇尔；机关/情报：蒋中正；年份：1946,drnh:002-090300-00023-138,https://ahonline.drnh.gov.tw/index.php?act=Archive/search/eyJxdWVyeSI6W3siZmllbGQiOiJzdG9yZV9ubyIsInZhbHVlIjoiMDAyLTA5MDMwMC0wMDAyMy0xMzgiLCJhdHRyIjoiKyJ9XX0%3D
重点校订,136,A,90,527,918,1948/06/07 ~ 1948/06/07,保密局呈蒋中正有关张澜黄炎培罗隆基等函示民主同盟港方左倾分子意见,组织直接命中：民主同盟；人物：张澜、罗隆基、黄炎培；机关/情报：蒋中正、保密局；年份：1948,drnh:002-020400-00011-101,https://ahonline.drnh.gov.tw/index.php?act=Archive/search/eyJxdWVyeSI6W3siZmllbGQiOiJzdG9yZV9ubyIsInZhbHVlIjoiMDAyLTAyMDQwMC0wMDAxMS0xMDEiLCJhdHRyIjoiKyJ9XX0%3D
重点校订,135,A,90,506,897,1945/06/23 ~ 1945/06/23,蒋中正电戴笠前报中国民主同盟传与李宗仁赫尔利晤谈中共问题事应彻查所说之人,组织直接命中：中国民主同盟、民主同盟；事件：赫尔利；机关/情报：戴笠、蒋中正；年份：1945,drnh:002-080200-00301-056,https://ahonline.drnh.gov.tw/index.php?act=Archive/search/eyJxdWVyeSI6W3siZmllbGQiOiJzdG9yZV9ubyIsInZhbHVlIjoiMDAyLTA4MDIwMC0wMDMwMS0wNTYiLCJhdHRyIjoiKyJ9XX0%3D
重点校订,135,A,90,515,906,1945/06/30 ~ 1945/06/30,戴笠呈蒋中正有关赫尔利曾召民主同盟张申府董时进谈话要点,组织直接命中：民主同盟；事件：赫尔利；机关/情报：戴笠、蒋中正；年份：1945,drnh:002-020300-00050-106,https://ahonline.drnh.gov.tw/index.php?act=Archive/search/eyJxdWVyeSI6W3siZmllbGQiOiJzdG9yZV9ubyIsInZhbHVlIjoiMDAyLTAyMDMwMC0wMDA1MC0xMDYiLCJhdHRyIjoiKyJ9XX0%3D
重点校订,135,A,90,537,928,1946/11/12 ~ 1946/11/12,蒋中正接见张嘉璈听其报告民社党民主同盟代表动向又闻张君劢赴沪召集民社党人士会商参加国民大会即嘱张嘉璈赴沪促其返京免于在沪受共党包围动摇其志另得孙科报告今日下…,组织直接命中：民主同盟；人物：张君劢；事件：国民大会；机关/情报：蒋中正；年份：1946,drnh:002-060100-00218-012,https://ahonline.drnh.gov.tw/index.php?act=Archive/search/eyJxdWVyeSI6W3siZmllbGQiOiJzdG9yZV9ubyIsInZhbHVlIjoiMDAyLTA2MDEwMC0wMDIxOC0wMTIiLCJhdHRyIjoiKyJ9XX0%3D
重点校订,135,A,90,518,909,1947/01/17 ~ 1947/01/17,保密局呈蒋中正中共与民主同盟对马歇尔离华及任国务卿之反应,组织直接命中：民主同盟；事件：马歇尔；机关/情报：蒋中正、保密局；年份：1947,drnh:002-020400-00004-088,https://ahonline.drnh.gov.tw/index.php?act=Archive/search/eyJxdWVyeSI6W3siZmllbGQiOiJzdG9yZV9ubyIsInZhbHVlIjoiMDAyLTAyMDQwMC0wMDAwNC0wODgiLCJhdHRyIjoiKyJ9XX0%3D
重点校订,135,A,90,593,984,1947/11/12 ~ 1947/11/12,薛岳汇呈蒋中正桂境共匪日趋猖獗及山西匪区发起欢迎冯玉祥运动与民盟解散后首要分子之动态等情报提要等七则,组织直接命中：民盟；事件：解散；机关/情报：蒋中正、情报；年份：1947,drnh:002-080200-00537-095,https://ahonline.drnh.gov.tw/index.php?act=Archive/search/eyJxdWVyeSI6W3siZmllbGQiOiJzdG9yZV9ubyIsInZhbHVlIjoiMDAyLTA4MDIwMC0wMDUzNy0wOTUiLCJhdHRyIjoiKyJ9XX0%3D
重点校订,135,A,90,594,985,1947/11/19 ~ 1947/11/19,薛岳汇呈蒋中正中共策动港粤反宋运动及民盟西南总支部否认解散与中华职教社停止对外活动等情报提要等三则,组织直接命中：民盟；事件：解散；机关/情报：蒋中正、情报；年份：1947,drnh:002-080200-00537-101,https://ahonline.drnh.gov.tw/index.php?act=Archive/search/eyJxdWVyeSI6W3siZmllbGQiOiJzdG9yZV9ubyIsInZhbHVlIjoiMDAyLTA4MDIwMC0wMDUzNy0xMDEiLCJhdHRyIjoiKyJ9XX0%3D
重点校订,134,A,90,533,924,1945/05/30 ~ 1945/05/30,蒋中正电孔祥熙前嘱宋子文抵美以旧金山会议急促乃嘱席德懋转达一切美财政经济等未了诸事不如托交子文负责请兄回国襄助以免事出两歧另戴笠呈情报称民主同盟常委会决以左…,组织直接命中：民主同盟；机关/情报：戴笠、蒋中正、情报；年份：1945,drnh:002-060100-00200-030,https://ahonline.drnh.gov.tw/index.php?act=Archive/search/eyJxdWVyeSI6W3siZmllbGQiOiJzdG9yZV9ubyIsInZhbHVlIjoiMDAyLTA2MDEwMC0wMDIwMC0wMzAiLCJhdHRyIjoiKyJ9XX0%3D
重点校订,134,A,90,601,992,1946/12/18 ~ 1946/12/18,保密局及谷正鼎等呈蒋中正中共企图控制民盟扩大其力量以恢复和谈及运用斗争策略颁五上路线等动态情报提要六则,组织直接命中：民盟；机关/情报：蒋中正、情报、保密局；年份：1946,drnh:002-080200-00541-005,https://ahonline.drnh.gov.tw/index.php?act=Archive/search/eyJxdWVyeSI6W3siZmllbGQiOiJzdG9yZV9ubyIsInZhbHVlIjoiMDAyLTA4MDIwMC0wMDU0MS0wMDUiLCJhdHRyIjoiKyJ9XX0%3D
重点校订,134,A,90,600,991,1947/01/04 ~ 1947/01/04,保密局等呈蒋中正民盟酝酿改组为政党民社党商讨参政及周鲸文筹组东北文协上海分会等各党派动态情报提要六则,组织直接命中：民盟；机关/情报：蒋中正、情报、保密局；年份：1947,drnh:002-080200-00541-003,https://ahonline.drnh.gov.tw/index.php?act=Archive/search/eyJxdWVyeSI6W3siZmllbGQiOiJzdG9yZV9ubyIsInZhbHVlIjoiMDAyLTA4MDIwMC0wMDU0MS0wMDMiLCJhdHRyIjoiKyJ9XX0%3D
重点校订,134,A,90,602,993,1947/01/09 ~ 1947/01/09,保密局呈蒋中正民社党对参加政府态度及民盟二中全会对共党表不满并与奸伪图组华南民主联军暨中共在京成立江南政治局等情报提要四则,组织直接命中：民盟；机关/情报：蒋中正、情报、保密局；年份：1947,drnh:002-080200-00541-008,https://ahonline.drnh.gov.tw/index.php?act=Archive/search/eyJxdWVyeSI6W3siZmllbGQiOiJzdG9yZV9ubyIsInZhbHVlIjoiMDAyLTA4MDIwMC0wMDU0MS0wMDgiLCJhdHRyIjoiKyJ9XX0%3D
重点校订,134,A,90,572,963,1947/05/26 ~ 1947/05/26,保密局呈蒋中正苏俄驻华使馆邀晤民盟黄炎培指示加强学运工潮等,组织直接命中：民盟；人物：黄炎培；机关/情报：蒋中正、保密局；年份：1947,drnh:002-020400-00011-021,https://ahonline.drnh.gov.tw/index.php?act=Archive/search/eyJxdWVyeSI6W3siZmllbGQiOiJzdG9yZV9ubyIsInZhbHVlIjoiMDAyLTAyMDQwMC0wMDAxMS0wMjEiLCJhdHRyIjoiKyJ9XX0%3D
重点校订,134,A,90,595,986,1947/12/03 ~ 1947/12/03,薛岳汇呈蒋中正民盟暂不成立香港临时总部及黄炎培张䌹伯丘哲等拟另组政团代替民盟与农工民主党总部将迁香港等情报提要等五则,组织直接命中：民盟；人物：黄炎培；机关/情报：蒋中正、情报；年份：1947,drnh:002-080200-00537-119,https://ahonline.drnh.gov.tw/index.php?act=Archive/search/eyJxdWVyeSI6W3siZmllbGQiOiJzdG9yZV9ubyIsInZhbHVlIjoiMDAyLTA4MDIwMC0wMDUzNy0xMTkiLCJhdHRyIjoiKyJ9XX0%3D
重点校订,134,A,90,608,999,1948/10/23 ~ 1948/10/23,保密局呈报蒋中正共党拟先分区设立地方政府再行筹组一联邦共和国以吸引各地方实力派拥护及罗隆基致函香港民盟谓上海民盟赞成派员出席新政协等各党派情…,组织直接命中：民盟；人物：罗隆基；事件：政协；机关/情报：蒋中正、保密局；年份：1948,drnh:002-080200-00547-068,https://ahonline.drnh.gov.tw/index.php?act=Archive/search/eyJxdWVyeSI6W3siZmllbGQiOiJzdG9yZV9ubyIsInZhbHVlIjoiMDAyLTA4MDIwMC0wMDU0Ny0wNjgiLCJhdHRyIjoiKyJ9XX0%3D
重点校订,133,A,90,626,1017,1946/08/27 ~ 1946/08/27,陈布雷电彭学沛连日民盟中共皆要求重开政协会议请于记者招待会表示自停战令后中共到处攻击扩大侵占地故关键全在共党诚意另政协会议未有再开必要等,组织直接命中：民盟；事件：政协、停战；年份：1946,drnh:002-090300-00019-234,https://ahonline.drnh.gov.tw/index.php?act=Archive/search/eyJxdWVyeSI6W3siZmllbGQiOiJzdG9yZV9ubyIsInZhbHVlIjoiMDAyLTA5MDMwMC0wMDAxOS0yMzQiLCJhdHRyIjoiKyJ9XX0%3D
重点校订,133,A,90,609,1000,1948/11/15 ~ 1948/11/15,保密局等呈蒋中正报告李济琛等破坏我团结与美援阴谋民盟总部决定迁至共军占领区及徐传霖与张君劢商入阁问题等各党派情报提要五则,组织直接命中：民盟；人物：张君劢；机关/情报：蒋中正、情报、保密局；年份：1948,drnh:002-080200-00547-107,https://ahonline.drnh.gov.tw/index.php?act=Archive/search/eyJxdWVyeSI6W3siZmllbGQiOiJzdG9yZV9ubyIsInZhbHVlIjoiMDAyLTA4MDIwMC0wMDU0Ny0xMDciLCJhdHRyIjoiKyJ9XX0%3D
重点校订,132,A,90,505,896,1945/05/21 ~ 1945/05/21,叶镇宇呈蒋中正中国民主同盟传李宗仁与赫尔利晤谈中共问题情形,组织直接命中：中国民主同盟、民主同盟；事件：赫尔利；机关/情报：蒋中正；年份：1945,drnh:002-080200-00301-043,https://ahonline.drnh.gov.tw/index.php?act=Archive/search/eyJxdWVyeSI6W3siZmllbGQiOiJzdG9yZV9ubyIsInZhbHVlIjoiMDAyLTA4MDIwMC0wMDMwMS0wNDMiLCJhdHRyIjoiKyJ9XX0%3D
重点校订,132,A,90,571,962,1945/06/30 ~ 1945/06/30,钱大钧等呈蒋中正谓赫尔利曾召张申府等谈话望民盟能转圜国共僵局,组织直接命中：民盟；事件：赫尔利；机关/情报：蒋中正；年份：1945,drnh:002-020400-00003-047,https://ahonline.drnh.gov.tw/index.php?act=Archive/search/eyJxdWVyeSI6W3siZmllbGQiOiJzdG9yZV9ubyIsInZhbHVlIjoiMDAyLTAyMDQwMC0wMDAwMy0wNDciLCJhdHRyIjoiKyJ9XX0%3D
重点校订,132,A,90,612,1003,1946/00/23 ~ 1946/00/23,蒋中正分电胡宗南孙连仲等召开国民大会为最大政治任务并指示分化打击中共都市分子与民盟等敌对阵容并争取青年党等中立分子及党派工作需团结分工等相关策略,组织直接命中：民盟；事件：国民大会；机关/情报：蒋中正；年份：1946,drnh:002-090102-00009-467,https://ahonline.drnh.gov.tw/index.php?act=Archive/search/eyJxdWVyeSI6W3siZmllbGQiOiJzdG9yZV9ubyIsInZhbHVlIjoiMDAyLTA5MDEwMi0wMDAwOS00NjciLCJhdHRyIjoiKyJ9XX0%3D
重点校订,132,A,90,512,903,1946/05/20 ~ 1946/05/20,蒋中正电令黄旭初速取缔桂省民主同盟造谣挑拨者,组织直接命中：民主同盟；事件：取缔；机关/情报：蒋中正；年份：1946,drnh:002-010400-00002-010,https://ahonline.drnh.gov.tw/index.php?act=Archive/search/eyJxdWVyeSI6W3siZmllbGQiOiJzdG9yZV9ubyIsInZhbHVlIjoiMDAyLTAxMDQwMC0wMDAwMi0wMTAiLCJhdHRyIjoiKyJ9XX0%3D
重点校订,132,A,90,548,939,1946/05/22 ~ 1946/05/22,蒋中正电黄旭初尽速取缔民主同盟并注意防范被其勾结广西省府同志等不实谣言挑拨,组织直接命中：民主同盟；事件：取缔；机关/情报：蒋中正；年份：1946,drnh:002-080200-00307-043,https://ahonline.drnh.gov.tw/index.php?act=Archive/search/eyJxdWVyeSI6W3siZmllbGQiOiJzdG9yZV9ubyIsInZhbHVlIjoiMDAyLTA4MDIwMC0wMDMwNy0wNDMiLCJhdHRyIjoiKyJ9XX0%3D
重点校订,132,A,90,553,944,1946/05/22 ~ 1946/05/22,蒋中正电黄旭初从速取缔与桂省民主同盟活动有关者以免招摇而息浮言为要,组织直接命中：民主同盟；事件：取缔；机关/情报：蒋中正；年份：1946,drnh:002-080200-00552-176,https://ahonline.drnh.gov.tw/index.php?act=Archive/search/eyJxdWVyeSI6W3siZmllbGQiOiJzdG9yZV9ubyIsInZhbHVlIjoiMDAyLTA4MDIwMC0wMDU1Mi0xNzYiLCJhdHRyIjoiKyJ9XX0%3D
重点校订,132,A,90,633,1024,1946/06/27 ~ 1946/06/27,陶镕电蒋中正滇省匪党民盟分子与过去地方武力勾结企图暴动又停战令延期将使世人皆知中共无诚意必有继续之战争滇省人心浮动社会不安等,组织直接命中：民盟；事件：停战；机关/情报：蒋中正；年份：1946,drnh:002-090300-00141-327,https://ahonline.drnh.gov.tw/index.php?act=Archive/search/eyJxdWVyeSI6W3siZmllbGQiOiJzdG9yZV9ubyIsInZhbHVlIjoiMDAyLTA5MDMwMC0wMDE0MS0zMjciLCJhdHRyIjoiKyJ9XX0%3D
重点校订,132,A,90,535,926,1946/09/17 ~ 1946/09/17,郑介民电蒋中正张家口第五小组被共方扣留我方已提出严重抗议并建议撤回北平，马歇尔谒蒋中正谓周恩来致备忘录三件要求共党与民主同盟须于国民政府委员名单占有十四席方…,组织直接命中：民主同盟；事件：马歇尔；机关/情报：蒋中正；年份：1946,drnh:002-060100-00216-017,https://ahonline.drnh.gov.tw/index.php?act=Archive/search/eyJxdWVyeSI6W3siZmllbGQiOiJzdG9yZV9ubyIsInZhbHVlIjoiMDAyLTA2MDEwMC0wMDIxNi0wMTciLCJhdHRyIjoiKyJ9XX0%3D
重点校订,132,A,90,625,1016,1946/10/27 ~ 1946/10/27,皮宗敢电蒋中正明日鲁斯抵南京傅泾波告以马歇尔劝周恩来接受政府条件否则政府用兵共党无法幸胜另民盟谴责马帅失去调人立场并主张折衷方案继续调停等,组织直接命中：民盟；事件：马歇尔；机关/情报：蒋中正；年份：1946,drnh:002-090300-00019-230,https://ahonline.drnh.gov.tw/index.php?act=Archive/search/eyJxdWVyeSI6W3siZmllbGQiOiJzdG9yZV9ubyIsInZhbHVlIjoiMDAyLTA5MDMwMC0wMDAxOS0yMzAiLCJhdHRyIjoiKyJ9XX0%3D
重点校订,132,A,90,630,1021,1946/10/27 ~ 1946/10/27,皮宗敢电周宏涛转蒋中正明鲁斯抵京停三四日及闻马歇尔劝周恩来接受政府条件否则我将用兵而民盟甚焦急一部分主张仍提折衷方案继续调停等情,组织直接命中：民盟；事件：马歇尔；机关/情报：蒋中正；年份：1946,drnh:002-090300-00023-107,https://ahonline.drnh.gov.tw/index.php?act=Archive/search/eyJxdWVyeSI6W3siZmllbGQiOiJzdG9yZV9ubyIsInZhbHVlIjoiMDAyLTA5MDMwMC0wMDAyMy0xMDciLCJhdHRyIjoiKyJ9XX0%3D
重点校订,132,A,90,573,964,1947/10/22 ~ 1947/10/22,俞济时呈蒋中正解散民盟及肃清后方潜伏共党办理情况,组织直接命中：民盟；事件：解散；机关/情报：蒋中正；年份：1947,drnh:002-020400-00012-067,https://ahonline.drnh.gov.tw/index.php?act=Archive/search/eyJxdWVyeSI6W3siZmllbGQiOiJzdG9yZV9ubyIsInZhbHVlIjoiMDAyLTAyMDQwMC0wMDAxMi0wNjciLCJhdHRyIjoiKyJ9XX0%3D
重点校订,131,A,90,516,907,1945/01/20 ~ 1945/01/20,钱大钧戴笠呈蒋中正中共与民主同盟对中枢拟设战时政务委员会态度,组织直接命中：民主同盟；机关/情报：戴笠、蒋中正；年份：1945,drnh:002-020400-00003-032,https://ahonline.drnh.gov.tw/index.php?act=Archive/search/eyJxdWVyeSI6W3siZmllbGQiOiJzdG9yZV9ubyIsInZhbHVlIjoiMDAyLTAyMDQwMC0wMDAwMy0wMzIiLCJhdHRyIjoiKyJ9XX0%3D
重点校订,131,A,90,532,923,1945/05/01 ~ 1945/05/01,蒋中正接何应钦电陈据汤恩伯称敌三十四师团主力由新宁窜抵梅口有续犯芷江企图我已令第九十四军归李玉堂指挥集结积极进出绥宁以北攻敌侧背又据戴笠报称民主同盟因国民参…,组织直接命中：民主同盟；机关/情报：戴笠、蒋中正；年份：1945,drnh:002-060100-00200-001,https://ahonline.drnh.gov.tw/index.php?act=Archive/search/eyJxdWVyeSI6W3siZmllbGQiOiJzdG9yZV9ubyIsInZhbHVlIjoiMDAyLTA2MDEwMC0wMDIwMC0wMDEiLCJhdHRyIjoiKyJ9XX0%3D
重点校订,131,A,90,507,898,1945/07/07 ~ 1945/07/07,叶镇宇函蒋中正中国民主同盟听取黄炎培等报告赴延安与共党毛泽东晤谈及受欢迎情形暨民盟之立场等,组织直接命中：中国民主同盟、民主同盟、民盟；人物：黄炎培；机关/情报：蒋中正；年份：1945,drnh:002-080200-00301-070,https://ahonline.drnh.gov.tw/index.php?act=Archive/search/eyJxdWVyeSI6W3siZmllbGQiOiJzdG9yZV9ubyIsInZhbHVlIjoiMDAyLTA4MDIwMC0wMDMwMS0wNzAiLCJhdHRyIjoiKyJ9XX0%3D
重点校订,131,A,90,614,1005,1946/07/15 ~ 1946/07/15,陶镕电蒋中正民盟负责人李公朴被人刺死后捕获嫌疑犯一人警备总部正在严缉中惟奸党阴谋借此攻击国民党和青年团支团并煽动学生,组织直接命中：民盟；人物：李公朴；机关/情报：蒋中正；年份：1946,drnh:002-090300-00016-114,https://ahonline.drnh.gov.tw/index.php?act=Archive/search/eyJxdWVyeSI6W3siZmllbGQiOiJzdG9yZV9ubyIsInZhbHVlIjoiMDAyLTA5MDMwMC0wMDAxNi0xMTQiLCJhdHRyIjoiKyJ9XX0%3D
重点校订,131,A,90,497,888,1946/07/16 ~ 1946/07/16,青海省参议会议长马元海等电国民政府主席蒋中正请对中国民主同盟主席张澜等荒谬言论予以纠正并转电美国说明真象以正是非,组织直接命中：中国民主同盟、民主同盟；人物：张澜；机关/情报：蒋中正；年份：1946,drnh:001-050060-00007-001,https://ahonline.drnh.gov.tw/index.php?act=Archive/search/eyJxdWVyeSI6W3siZmllbGQiOiJzdG9yZV9ubyIsInZhbHVlIjoiMDAxLTA1MDA2MC0wMDAwNy0wMDEiLCJhdHRyIjoiKyJ9XX0%3D
重点校订,131,A,90,636,1027,1947/00/00 ~ 1947/00/00,王幼侨呈蒋中正民盟函请民社党退盟事及力劝张君劢与政府合作参加政府组织情形,组织直接命中：民盟；人物：张君劢；机关/情报：蒋中正；年份：1947,drnh:002-080300-00059-009,https://ahonline.drnh.gov.tw/index.php?act=Archive/search/eyJxdWVyeSI6W3siZmllbGQiOiJzdG9yZV9ubyIsInZhbHVlIjoiMDAyLTA4MDMwMC0wMDA1OS0wMDkiLCJhdHRyIjoiKyJ9XX0%3D
重点校订,131,A,90,521,912,1947/01/13 ~ 1947/01/13,保密局呈蒋中正中共及民主同盟企图组织华南民主联军推李杜为总司令,组织直接命中：民主同盟；机关/情报：蒋中正、保密局；年份：1947,drnh:002-020400-00009-132,https://ahonline.drnh.gov.tw/index.php?act=Archive/search/eyJxdWVyeSI6W3siZmllbGQiOiJzdG9yZV9ubyIsInZhbHVlIjoiMDAyLTAyMDQwMC0wMDAwOS0xMzIiLCJhdHRyIjoiKyJ9XX0%3D
重点校订,131,A,90,551,942,1947/01/20 ~ 1947/01/20,俞济时呈蒋中正民主同盟二中全会开会经过情形及其基本政策组织经济宣传等议决结果等情报提要三则,组织直接命中：民主同盟；机关/情报：蒋中正、情报；年份：1947,drnh:002-080200-00541-016,https://ahonline.drnh.gov.tw/index.php?act=Archive/search/eyJxdWVyeSI6W3siZmllbGQiOiJzdG9yZV9ubyIsInZhbHVlIjoiMDAyLTA4MDIwMC0wMDU0MS0wMTYiLCJhdHRyIjoiKyJ9XX0%3D
重点校订,131,A,90,582,973,1947/02/11 ~ 1947/02/11,保密局中统局及孙元良汤恩伯张镇分电蒋中正上海奸伪办事处临时会议情形与民盟密谋今后出路及其内部意见纷歧等中共和各党派之动态,组织直接命中：民盟；机关/情报：蒋中正、保密局；年份：1947,drnh:002-080200-00314-042,https://ahonline.drnh.gov.tw/index.php?act=Archive/search/eyJxdWVyeSI6W3siZmllbGQiOiJzdG9yZV9ubyIsInZhbHVlIjoiMDAyLTA4MDIwMC0wMDMxNC0wNDIiLCJhdHRyIjoiKyJ9XX0%3D
重点校订,131,A,90,520,911,1947/02/16 ~ 1947/02/16,保密局呈蒋中正民主同盟对美军撤离中国及军事调处执行总部结束事之观察,组织直接命中：民主同盟；机关/情报：蒋中正、保密局；年份：1947,drnh:002-020400-00007-103,https://ahonline.drnh.gov.tw/index.php?act=Archive/search/eyJxdWVyeSI6W3siZmllbGQiOiJzdG9yZV9ubyIsInZhbHVlIjoiMDAyLTAyMDQwMC0wMDAwNy0xMDMiLCJhdHRyIjoiKyJ9XX0%3D
重点校订,131,A,90,599,990,1947/03/19 ~ 1947/03/19,俞济时呈蒋中正中共动态汇报与各党派动态及民盟成员内部检讨而其一般盟员均不愿去解放区等情报提要等五则,组织直接命中：民盟；机关/情报：蒋中正、情报；年份：1947,drnh:002-080200-00538-009,https://ahonline.drnh.gov.tw/index.php?act=Archive/search/eyJxdWVyeSI6W3siZmllbGQiOiJzdG9yZV9ubyIsInZhbHVlIjoiMDAyLTA4MDIwMC0wMDUzOC0wMDkiLCJhdHRyIjoiKyJ9XX0%3D
重点校订,131,A,90,605,996,1947/04/09 ~ 1947/04/09,中统局等呈蒋中正民盟掩护奸党在沪活动及做参加政府试探等情报提要二则,组织直接命中：民盟；机关/情报：蒋中正、情报；年份：1947,drnh:002-080200-00541-035,https://ahonline.drnh.gov.tw/index.php?act=Archive/search/eyJxdWVyeSI6W3siZmllbGQiOiJzdG9yZV9ubyIsInZhbHVlIjoiMDAyLTA4MDIwMC0wMDU0MS0wMzUiLCJhdHRyIjoiKyJ9XX0%3D
重点校订,131,A,90,525,916,1947/04/11 ~ 1947/04/11,保密局呈蒋中正中共利用民主同盟拉拢各派供给经费组民主统一阵线,组织直接命中：民主同盟；机关/情报：蒋中正、保密局；年份：1947,drnh:002-020400-00011-011,https://ahonline.drnh.gov.tw/index.php?act=Archive/search/eyJxdWVyeSI6W3siZmllbGQiOiJzdG9yZV9ubyIsInZhbHVlIjoiMDAyLTAyMDQwMC0wMDAxMS0wMTEiLCJhdHRyIjoiKyJ9XX0%3D
重点校订,131,A,90,523,914,1947/05/14 ~ 1947/05/14,张群呈蒋中正民主同盟张澜函请承认民主同盟之合法地位,组织直接命中：民主同盟；人物：张澜；机关/情报：蒋中正；年份：1947,drnh:002-020400-00010-049,https://ahonline.drnh.gov.tw/index.php?act=Archive/search/eyJxdWVyeSI6W3siZmllbGQiOiJzdG9yZV9ubyIsInZhbHVlIjoiMDAyLTAyMDQwMC0wMDAxMC0wNDkiLCJhdHRyIjoiKyJ9XX0%3D
重点校订,131,A,90,586,977,1947/05/23 ~ 1947/05/23,军务局呈蒋中正民盟策动和平运动方案及增加职业界国代与立委停止本年行宪选举等五项参政会动态情报提要,组织直接命中：民盟；机关/情报：蒋中正、情报；年份：1947,drnh:002-080200-00536-026,https://ahonline.drnh.gov.tw/index.php?act=Archive/search/eyJxdWVyeSI6W3siZmllbGQiOiJzdG9yZV9ubyIsInZhbHVlIjoiMDAyLTA4MDIwMC0wMDUzNi0wMjYiLCJhdHRyIjoiKyJ9XX0%3D
重点校订,131,A,90,584,975,1947/06/02 ~ 1947/06/02,保密局呈蒋中正民盟在南京上海各校宣称原定之六二罢课游行因当局已有准备将改为六六实行,组织直接命中：民盟；机关/情报：蒋中正、保密局；年份：1947,drnh:002-080200-00317-004,https://ahonline.drnh.gov.tw/index.php?act=Archive/search/eyJxdWVyeSI6W3siZmllbGQiOiJzdG9yZV9ubyIsInZhbHVlIjoiMDAyLTA4MDIwMC0wMDMxNy0wMDQiLCJhdHRyIjoiKyJ9XX0%3D
重点校订,131,A,90,576,967,1947/07/25 ~ 1947/07/25,保密局呈蒋中正民盟召集各地负责人来沪商讨活动情形,组织直接命中：民盟；机关/情报：蒋中正、保密局；年份：1947,drnh:002-020400-00046-024,https://ahonline.drnh.gov.tw/index.php?act=Archive/search/eyJxdWVyeSI6W3siZmllbGQiOiJzdG9yZV9ubyIsInZhbHVlIjoiMDAyLTAyMDQwMC0wMDA0Ni0wMjQiLCJhdHRyIjoiKyJ9XX0%3D
重点校订,131,A,90,577,968,1947/08/01 ~ 1947/08/01,保密局呈蒋中正民盟及反动团体向魏德迈使团活动情形续报,组织直接命中：民盟；机关/情报：蒋中正、保密局；年份：1947,drnh:002-020400-00046-036,https://ahonline.drnh.gov.tw/index.php?act=Archive/search/eyJxdWVyeSI6W3siZmllbGQiOiJzdG9yZV9ubyIsInZhbHVlIjoiMDAyLTAyMDQwMC0wMDA0Ni0wMzYiLCJhdHRyIjoiKyJ9XX0%3D
重点校订,131,A,90,589,980,1947/09/17 ~ 1947/09/17,俞济时呈蒋中正民盟民社党青年党等各党派动态汇报等情报提要等十六则,组织直接命中：民盟；机关/情报：蒋中正、情报；年份：1947,drnh:002-080200-00537-026,https://ahonline.drnh.gov.tw/index.php?act=Archive/search/eyJxdWVyeSI6W3siZmllbGQiOiJzdG9yZV9ubyIsInZhbHVlIjoiMDAyLTA4MDIwMC0wMDUzNy0wMjYiLCJhdHRyIjoiKyJ9XX0%3D
重点校订,131,A,90,590,981,1947/10/07 ~ 1947/10/07,薛岳汇呈蒋中正各党派动态民盟决不参与党派登记及司徒雷登接受民盟致联合国大会备忘录与蔡廷锴有意与宋子文合作等情报提要等六则,组织直接命中：民盟；机关/情报：蒋中正、情报；年份：1947,drnh:002-080200-00537-044,https://ahonline.drnh.gov.tw/index.php?act=Archive/search/eyJxdWVyeSI6W3siZmllbGQiOiJzdG9yZV9ubyIsInZhbHVlIjoiMDAyLTA4MDIwMC0wMDUzNy0wNDQiLCJhdHRyIjoiKyJ9XX0%3D
重点校订,131,A,90,596,987,1947/12/08 ~ 1947/12/08,毛人凤呈蒋中正香港民盟分子对参加民主阵线意见纷歧及民盟分子仍与苏俄使馆联系等情报提要等三则,组织直接命中：民盟；机关/情报：蒋中正、情报；年份：1947,drnh:002-080200-00537-135,https://ahonline.drnh.gov.tw/index.php?act=Archive/search/eyJxdWVyeSI6W3siZmllbGQiOiJzdG9yZV9ubyIsInZhbHVlIjoiMDAyLTA4MDIwMC0wMDUzNy0xMzUiLCJhdHRyIjoiKyJ9XX0%3D
重点校订,131,A,90,597,988,1947/12/24 ~ 1947/12/24,毛人凤呈蒋中正派员赴沪接收美海军补交电讯器材请准留用及国防部测量局夏坚白参加民盟情形等情报提要等四则,组织直接命中：民盟；机关/情报：蒋中正、情报；年份：1947,drnh:002-080200-00537-151,https://ahonline.drnh.gov.tw/index.php?act=Archive/search/eyJxdWVyeSI6W3siZmllbGQiOiJzdG9yZV9ubyIsInZhbHVlIjoiMDAyLTA4MDIwMC0wMDUzNy0xNTEiLCJhdHRyIjoiKyJ9XX0%3D
重点校订,131,A,90,598,989,1947/12/24 ~ 1947/12/24,保密局呈蒋中正破获重庆民盟分子李荫枫等密谋叛乱案侦讯情形文电日报表,组织直接命中：民盟；机关/情报：蒋中正、保密局；年份：1947,drnh:002-080200-00537-152,https://ahonline.drnh.gov.tw/index.php?act=Archive/search/eyJxdWVyeSI6W3siZmllbGQiOiJzdG9yZV9ubyIsInZhbHVlIjoiMDAyLTA4MDIwMC0wMDUzNy0xNTIiLCJhdHRyIjoiKyJ9XX0%3D
重点校订,130,A,90,610,1001,1948/02/15 ~ 1948/02/15,保密局联秘处等电蒋中正可否解送奸匪任天石黄叔雷感训与台湾省潜伏日军情形及对民盟在香港活动防制办法等情报提要五则,组织直接命中：民盟；机关/情报：蒋中正、情报、保密局；年份：1948,drnh:002-080200-00549-005,https://ahonline.drnh.gov.tw/index.php?act=Archive/search/eyJxdWVyeSI6W3siZmllbGQiOiJzdG9yZV9ubyIsInZhbHVlIjoiMDAyLTA4MDIwMC0wMDU0OS0wMDUiLCJhdHRyIjoiKyJ9XX0%3D
重点校订,130,A,90,611,1002,1948/06/16 ~ 1948/06/16,毛人凤呈蒋中正查张澜致函沈钧儒等须积极标明民盟一贯政策与坚守独立立场以消除国内外猜疑误解等情,组织直接命中：民盟；人物：张澜、沈钧儒；机关/情报：蒋中正；年份：1948,drnh:002-080200-00549-082,https://ahonline.drnh.gov.tw/index.php?act=Archive/search/eyJxdWVyeSI6W3siZmllbGQiOiJzdG9yZV9ubyIsInZhbHVlIjoiMDAyLTA4MDIwMC0wMDU0OS0wODIiLCJhdHRyIjoiKyJ9XX0%3D
重点校订,130,A,90,607,998,1948/08/06 ~ 1948/08/06,中讯局及保密局呈蒋中正民社党拟请政府任命蒋匀田为皖省主席及民盟中委曾昭伦对民盟前途表示悲观等各党派动态情报提要二则,组织直接命中：民盟；机关/情报：蒋中正、情报、保密局；年份：1948,drnh:002-080200-00547-032,https://ahonline.drnh.gov.tw/index.php?act=Archive/search/eyJxdWVyeSI6W3siZmllbGQiOiJzdG9yZV9ubyIsInZhbHVlIjoiMDAyLTA4MDIwMC0wMDU0Ny0wMzIiLCJhdHRyIjoiKyJ9XX0%3D
重点校订,129,A,90,631,1022,1946/05/31 ~ 1946/05/31,赵联群电秦振中张静生等奸伪藉武力攻城并阻挠国军接收东北破坏协定并在各地活动应予严密监视取缔及民盟受其利用已成帮凶应设法打击希密饬所属遵照,组织直接命中：民盟；事件：取缔；年份：1946,drnh:002-090300-00023-165,https://ahonline.drnh.gov.tw/index.php?act=Archive/search/eyJxdWVyeSI6W3siZmllbGQiOiJzdG9yZV9ubyIsInZhbHVlIjoiMDAyLTA5MDMwMC0wMDAyMy0xNjUiLCJhdHRyIjoiKyJ9XX0%3D
重点校订,129,A,90,627,1018,1946/07/05 ~ 1946/07/05,高明远电赵联群中共与民盟在山西我区组民生运用书店售左倾书籍已遵令查禁惟共军利用停战集中兵力对我防御薄弱城市进攻近拟围攻大同我正积极防御,组织直接命中：民盟；事件：停战；年份：1946,drnh:002-090300-00020-364,https://ahonline.drnh.gov.tw/index.php?act=Archive/search/eyJxdWVyeSI6W3siZmllbGQiOiJzdG9yZV9ubyIsInZhbHVlIjoiMDAyLTA5MDMwMC0wMDAyMC0zNjQiLCJhdHRyIjoiKyJ9XX0%3D
重点校订,128,A,90,517,908,1945/08/31 ~ 1945/08/31,钱大钧等呈蒋中正据报毛泽东派徐冰向民主同盟方面转达来渝动机与态度,组织直接命中：民主同盟；机关/情报：蒋中正；年份：1945,drnh:002-020400-00003-067,https://ahonline.drnh.gov.tw/index.php?act=Archive/search/eyJxdWVyeSI6W3siZmllbGQiOiJzdG9yZV9ubyIsInZhbHVlIjoiMDAyLTAyMDQwMC0wMDAwMy0wNjciLCJhdHRyIjoiKyJ9XX0%3D
重点校订,128,A,90,564,955,1946/01/19 ~ 1946/01/19,蒋中正函张群谓潘文华来晤诸事洽妥民主同盟最近之态度似已与共产党沆瀣一气请与李璜就近商谈如彼青年党果与共党取一致行动则政府将毫不容情等,组织直接命中：民主同盟；机关/情报：蒋中正；年份：1946,drnh:002-110400-00001-003,https://ahonline.drnh.gov.tw/index.php?act=Archive/search/eyJxdWVyeSI6W3siZmllbGQiOiJzdG9yZV9ubyIsInZhbHVlIjoiMDAyLTExMDQwMC0wMDAwMS0wMDMiLCJhdHRyIjoiKyJ9XX0%3D
重点校订,128,A,90,560,951,1946/01/22 ~ 1946/01/22,顾祝同电蒋中正苏中鲁南共军动态伪第三师钟剑魂部改编为民主同盟第一军由淮安方面窜抵仪征六合间横杆店等地又共军张爱萍部四万七千余积极活动企图不明等情,组织直接命中：民主同盟；机关/情报：蒋中正；年份：1946,drnh:002-090300-00148-030,https://ahonline.drnh.gov.tw/index.php?act=Archive/search/eyJxdWVyeSI6W3siZmllbGQiOiJzdG9yZV9ubyIsInZhbHVlIjoiMDAyLTA5MDMwMC0wMDE0OC0wMzAiLCJhdHRyIjoiKyJ9XX0%3D
重点校订,128,A,90,531,922,1946/02/15 ~ 1946/02/15,李承晚电蒋中正请以本人名义存入美元及霍奇已承认韩国民主同盟,组织直接命中：民主同盟；机关/情报：蒋中正；年份：1946,drnh:002-020400-00034-088,https://ahonline.drnh.gov.tw/index.php?act=Archive/search/eyJxdWVyeSI6W3siZmllbGQiOiJzdG9yZV9ubyIsInZhbHVlIjoiMDAyLTAyMDQwMC0wMDAzNC0wODgiLCJhdHRyIjoiKyJ9XX0%3D
重点校订,128,A,90,616,1007,1946/04/08 ~ 1946/04/08,张发奎电蒋中正据报奸党分子司马文森为自由世界等四杂志被查封招待新闻界宣称此四杂志将联合设立门市部以对抗禁卖查此措施乃由共产党与民盟从中支持等,组织直接命中：民盟；机关/情报：蒋中正；年份：1946,drnh:002-090300-00016-212,https://ahonline.drnh.gov.tw/index.php?act=Archive/search/eyJxdWVyeSI6W3siZmllbGQiOiJzdG9yZV9ubyIsInZhbHVlIjoiMDAyLTA5MDMwMC0wMDAxNi0yMTIiLCJhdHRyIjoiKyJ9XX0%3D
重点校订,128,A,90,544,935,1946/04/17 ~ 1946/04/17,蒋中正电马超俊为青年党民主同盟及共产党准备房屋各一幢,组织直接命中：民主同盟；机关/情报：蒋中正；年份：1946,drnh:002-070200-00023-027,https://ahonline.drnh.gov.tw/index.php?act=Archive/search/eyJxdWVyeSI6W3siZmllbGQiOiJzdG9yZV9ubyIsInZhbHVlIjoiMDAyLTA3MDIwMC0wMDAyMy0wMjciLCJhdHRyIjoiKyJ9XX0%3D
重点校订,128,A,90,547,938,1946/04/17 ~ 1946/04/17,蒋中正电马超俊为青年党民主同盟及共产党各准备房屋一幢,组织直接命中：民主同盟；机关/情报：蒋中正；年份：1946,drnh:002-080200-00306-050,https://ahonline.drnh.gov.tw/index.php?act=Archive/search/eyJxdWVyeSI6W3siZmllbGQiOiJzdG9yZV9ubyIsInZhbHVlIjoiMDAyLTA4MDIwMC0wMDMwNi0wNTAiLCJhdHRyIjoiKyJ9XX0%3D
重点校订,128,A,90,552,943,1946/05/22 ~ 1946/05/22,蒋中正电刘泛长另电黄旭初切实查办详报南宁三青团干事长曾毅参加民主同盟并利用青年诱惑青年一事,组织直接命中：民主同盟；机关/情报：蒋中正；年份：1946,drnh:002-080200-00552-157,https://ahonline.drnh.gov.tw/index.php?act=Archive/search/eyJxdWVyeSI6W3siZmllbGQiOiJzdG9yZV9ubyIsInZhbHVlIjoiMDAyLTA4MDIwMC0wMDU1Mi0xNTciLCJhdHRyIjoiKyJ9XX0%3D
重点校订,128,A,90,554,945,1946/05/22 ~ 1946/05/22,蒋中正手令袁守谦请针对共军及共党占领区人民散发传单鼓励归顺中央及办理情形及手令刘健群等查报南宁三青团干事长曾毅参与民主同盟情形,组织直接命中：民主同盟；机关/情报：蒋中正；年份：1946,drnh:002-080200-00554-127,https://ahonline.drnh.gov.tw/index.php?act=Archive/search/eyJxdWVyeSI6W3siZmllbGQiOiJzdG9yZV9ubyIsInZhbHVlIjoiMDAyLTA4MDIwMC0wMDU1NC0xMjciLCJhdHRyIjoiKyJ9XX0%3D
重点校订,128,A,90,624,1015,1946/07/20 ~ 1946/07/20,张发奎电蒋中正白崇禧陈诚据报共军曾生北撤前与蔡廷锴密谋若和平破裂绝不放弃广东并与民盟建立联合军及蔡已派员收买失业军人流匪等已饬所属严密防范,组织直接命中：民盟；机关/情报：蒋中正；年份：1946,drnh:002-090300-00019-064,https://ahonline.drnh.gov.tw/index.php?act=Archive/search/eyJxdWVyeSI6W3siZmllbGQiOiJzdG9yZV9ubyIsInZhbHVlIjoiMDAyLTA5MDMwMC0wMDAxOS0wNjQiLCJhdHRyIjoiKyJ9XX0%3D
重点校订,128,A,90,499,890,1946/07/22 ~ 1946/07/22,四川省参议会议长向传义等电国民政府为山东省参议会电以中国民主同盟主席张澜等致电美国反对对华任何贷款请予以驳斥并转电美国说明真像,组织直接命中：中国民主同盟、民主同盟；人物：张澜；年份：1946,drnh:001-050060-00007-003,https://ahonline.drnh.gov.tw/index.php?act=Archive/search/eyJxdWVyeSI6W3siZmllbGQiOiJzdG9yZV9ubyIsInZhbHVlIjoiMDAxLTA1MDA2MC0wMDAwNy0wMDMiLCJhdHRyIjoiKyJ9XX0%3D
重点校订,128,A,90,500,891,1946/08/02 ~ 1946/08/02,国民政府文官处函四川省参议会关于山东省参议会电以中国民主同盟主席张澜等致电美国反对对华任何贷款请予以驳斥并转电美国说明真像一案业奉主席阅悉,组织直接命中：中国民主同盟、民主同盟；人物：张澜；年份：1946,drnh:001-050060-00007-004,https://ahonline.drnh.gov.tw/index.php?act=Archive/search/eyJxdWVyeSI6W3siZmllbGQiOiJzdG9yZV9ubyIsInZhbHVlIjoiMDAxLTA1MDA2MC0wMDAwNy0wMDQiLCJhdHRyIjoiKyJ9XX0%3D
重点校订,128,A,90,498,889,1946/08/03 ~ 1946/08/03,国民政府文官处函青海省参议会关于电请对中国民主同盟主席张澜等荒谬言论予以纠正并转电美国说明真象以正是非一案业奉主席阅悉,组织直接命中：中国民主同盟、民主同盟；人物：张澜；年份：1946,drnh:001-050060-00007-002,https://ahonline.drnh.gov.tw/index.php?act=Archive/search/eyJxdWVyeSI6W3siZmllbGQiOiJzdG9yZV9ubyIsInZhbHVlIjoiMDAxLTA1MDA2MC0wMDAwNy0wMDIiLCJhdHRyIjoiKyJ9XX0%3D
重点校订,128,A,90,501,892,1946/08/07 ~ 1946/08/07,浙江省临时参议会议长朱献文等电国民政府为中国民主同盟主席张澜等致电美国民主党议员反对盟邦对华增进友谊之所为祈赐纠正,组织直接命中：中国民主同盟、民主同盟；人物：张澜；年份：1946,drnh:001-050060-00007-005,https://ahonline.drnh.gov.tw/index.php?act=Archive/search/eyJxdWVyeSI6W3siZmllbGQiOiJzdG9yZV9ubyIsInZhbHVlIjoiMDAxLTA1MDA2MC0wMDAwNy0wMDUiLCJhdHRyIjoiKyJ9XX0%3D
重点校订,128,A,90,502,893,1946/08/21 ~ 1946/08/21,国民政府文官处函浙江省临时参议会关于贵会电为中国民主同盟主席张澜等致电美国民主党议员反对盟邦对华增进友谊之所为祈赐纠正一案已奉主席阅悉,组织直接命中：中国民主同盟、民主同盟；人物：张澜；年份：1946,drnh:001-050060-00007-006,https://ahonline.drnh.gov.tw/index.php?act=Archive/search/eyJxdWVyeSI6W3siZmllbGQiOiJzdG9yZV9ubyIsInZhbHVlIjoiMDAxLTA1MDA2MC0wMDAwNy0wMDYiLCJhdHRyIjoiKyJ9XX0%3D
重点校订,128,A,90,629,1020,1946/10/24 ~ 1946/10/24,皮宗敢电周宏涛转蒋中正闻中共与第三方面商谈政治方面中共民盟必争取府委十四席等七点及军事方面军队驻地与地方政权问题之解决等三点,组织直接命中：民盟；机关/情报：蒋中正；年份：1946,drnh:002-090300-00023-105,https://ahonline.drnh.gov.tw/index.php?act=Archive/search/eyJxdWVyeSI6W3siZmllbGQiOiJzdG9yZV9ubyIsInZhbHVlIjoiMDAyLTA5MDMwMC0wMDAyMy0xMDUiLCJhdHRyIjoiKyJ9XX0%3D
重点校订,128,A,90,632,1023,1946/10/24 ~ 1946/10/24,皮宗敢电周宏涛转蒋中正据傅泾波告生第三方面向彼称中共与第三方面商谈内容为中共民盟争取府委十四席与国大增额等七项及军队驻地与地方政权问题解决等三项,组织直接命中：民盟；机关/情报：蒋中正；年份：1946,drnh:002-090300-00023-218,https://ahonline.drnh.gov.tw/index.php?act=Archive/search/eyJxdWVyeSI6W3siZmllbGQiOiJzdG9yZV9ubyIsInZhbHVlIjoiMDAyLTA5MDMwMC0wMDAyMy0yMTgiLCJhdHRyIjoiKyJ9XX0%3D
重点校订,128,A,90,557,948,1946/10/25 ~ 1946/10/25,杜聿明电蒋中正白崇禧等辽北方面共军民主同盟第一军一部三千余由敦化窜至拉法海又热河方面大寨拉道口由赤峰北四十公里下桥头附近窜来共军骑兵八百余等情,组织直接命中：民主同盟；机关/情报：蒋中正；年份：1946,drnh:002-090300-00146-031,https://ahonline.drnh.gov.tw/index.php?act=Archive/search/eyJxdWVyeSI6W3siZmllbGQiOiJzdG9yZV9ubyIsInZhbHVlIjoiMDAyLTA5MDMwMC0wMDE0Ni0wMzEiLCJhdHRyIjoiKyJ9XX0%3D
重点校订,128,A,90,628,1019,1946/10/25 ~ 1946/10/25,吴鼎昌电蒋中正昨孙科面告依据钧座声明八项经非正式商谈国共民盟委员名额及共党提交国大名单事无异惟华北华中国共军暂驻地等由改组之国委会解决等,组织直接命中：民盟；机关/情报：蒋中正；年份：1946,drnh:002-090300-00023-104,https://ahonline.drnh.gov.tw/index.php?act=Archive/search/eyJxdWVyeSI6W3siZmllbGQiOiJzdG9yZV9ubyIsInZhbHVlIjoiMDAyLTA5MDMwMC0wMDAyMy0xMDQiLCJhdHRyIjoiKyJ9XX0%3D
重点校订,128,A,90,558,949,1946/10/28 ~ 1946/10/28,杜聿明电蒋中正我五十二军占领安东击溃匪民主同盟第一军主力独立师第十旅第十二旅第十八旅第三十五旅炮兵旅保安三个团及地方支队等六万余人俘获军品甚多,组织直接命中：民主同盟；机关/情报：蒋中正；年份：1946,drnh:002-090300-00146-064,https://ahonline.drnh.gov.tw/index.php?act=Archive/search/eyJxdWVyeSI6W3siZmllbGQiOiJzdG9yZV9ubyIsInZhbHVlIjoiMDAyLTA5MDMwMC0wMDE0Ni0wNjQiLCJhdHRyIjoiKyJ9XX0%3D
重点校订,128,A,90,519,910,1946/10/31 ~ 1946/10/31,陈布雷呈蒋中正与民主同盟青年党及无党派代表会谈大略,组织直接命中：民主同盟；机关/情报：蒋中正；年份：1946,drnh:002-020400-00007-074,https://ahonline.drnh.gov.tw/index.php?act=Archive/search/eyJxdWVyeSI6W3siZmllbGQiOiJzdG9yZV9ubyIsInZhbHVlIjoiMDAyLTAyMDQwMC0wMDAwNy0wNzQiLCJhdHRyIjoiKyJ9XX0%3D
重点校订,128,A,90,559,950,1946/11/04 ~ 1946/11/04,杜聿明电蒋中正白崇禧等玺部之一部在宽甸击溃匪民主同盟第一军第四军分区及韩匪共约五千余人刻扫荡附近残匪加强工事中等情,组织直接命中：民主同盟；机关/情报：蒋中正；年份：1946,drnh:002-090300-00146-176,https://ahonline.drnh.gov.tw/index.php?act=Archive/search/eyJxdWVyeSI6W3siZmllbGQiOiJzdG9yZV9ubyIsInZhbHVlIjoiMDAyLTA5MDMwMC0wMDE0Ni0xNzYiLCJhdHRyIjoiKyJ9XX0%3D
重点校订,128,A,90,536,927,1946/11/05 ~ 1946/11/05,蒋中正接见傅泾波听其报告共党与民主同盟最近之态度并接见吴铁城邵力子等听取彼等报告与各党派商谈情形并表示政府深望与共方恢复商谈惟应以何方式进行须加考虑等，行政…,组织直接命中：民主同盟；机关/情报：蒋中正；年份：1946,drnh:002-060100-00218-005,https://ahonline.drnh.gov.tw/index.php?act=Archive/search/eyJxdWVyeSI6W3siZmllbGQiOiJzdG9yZV9ubyIsInZhbHVlIjoiMDAyLTA2MDEwMC0wMDIxOC0wMDUiLCJhdHRyIjoiKyJ9XX0%3D
重点校订,128,A,90,603,994,1947/01/19 ~ 1947/01/19,俞济时呈蒋中正上海中共及民盟机关团体调查表,组织直接命中：民盟；机关/情报：蒋中正；年份：1947,drnh:002-080200-00541-009,https://ahonline.drnh.gov.tw/index.php?act=Archive/search/eyJxdWVyeSI6W3siZmllbGQiOiJzdG9yZV9ubyIsInZhbHVlIjoiMDAyLTA4MDIwMC0wMDU0MS0wMDkiLCJhdHRyIjoiKyJ9XX0%3D
重点校订,128,A,90,522,913,1947/02/24 ~ 1947/02/24,王世杰电蒋中正胡适谓中共民主同盟现方集中对彼攻击,组织直接命中：民主同盟；机关/情报：蒋中正；年份：1947,drnh:002-020400-00010-034,https://ahonline.drnh.gov.tw/index.php?act=Archive/search/eyJxdWVyeSI6W3siZmllbGQiOiJzdG9yZV9ubyIsInZhbHVlIjoiMDAyLTAyMDQwMC0wMDAxMC0wMzQiLCJhdHRyIjoiKyJ9XX0%3D
重点校订,128,A,90,561,952,1947/03/05 ~ 1947/03/05,杜聿明电蒋中正陈诚匪将我军被俘官兵二千余由佳木斯运至巴彦西北兴隆镇编为民主同盟第一军军长为潘朔端刻正积极训练中另匪田松部队窜回秀水甸子附近等,组织直接命中：民主同盟；机关/情报：蒋中正；年份：1947,drnh:002-090300-00162-007,https://ahonline.drnh.gov.tw/index.php?act=Archive/search/eyJxdWVyeSI6W3siZmllbGQiOiJzdG9yZV9ubyIsInZhbHVlIjoiMDAyLTA5MDMwMC0wMDE2Mi0wMDciLCJhdHRyIjoiKyJ9XX0%3D
重点校订,128,A,90,581,972,1947/03/13 ~ 1947/03/13,蒋中正分令李宗仁孙连仲现聂荣臻股尚在孤立状态请协力进堵其主力以固平津保绥，陈仪呈蒋中正台湾事变起因暨善后办法及杜聿明呈蒋中正逮捕民盟份子骆宾基等并供述其总机…,组织直接命中：民盟；机关/情报：蒋中正；年份：1947,drnh:002-060100-00222-013,https://ahonline.drnh.gov.tw/index.php?act=Archive/search/eyJxdWVyeSI6W3siZmllbGQiOiJzdG9yZV9ubyIsInZhbHVlIjoiMDAyLTA2MDEwMC0wMDIyMi0wMTMiLCJhdHRyIjoiKyJ9XX0%3D
重点校订,128,A,90,583,974,1947/03/26 ~ 1947/03/26,唐纵呈蒋中正逮捕民盟分子杜斌丞王菊人白伯英等情形,组织直接命中：民盟；机关/情报：蒋中正；年份：1947,drnh:002-080200-00315-064,https://ahonline.drnh.gov.tw/index.php?act=Archive/search/eyJxdWVyeSI6W3siZmllbGQiOiJzdG9yZV9ubyIsInZhbHVlIjoiMDAyLTA4MDIwMC0wMDMxNS0wNjQiLCJhdHRyIjoiKyJ9XX0%3D
重点校订,128,A,90,529,920,1947/04/17 ~ 1947/04/17,祝绍周电蒋中正西北民主同盟分子杜斌丞与中共勾结情形,组织直接命中：民主同盟；机关/情报：蒋中正；年份：1947,drnh:002-020400-00019-013,https://ahonline.drnh.gov.tw/index.php?act=Archive/search/eyJxdWVyeSI6W3siZmllbGQiOiJzdG9yZV9ubyIsInZhbHVlIjoiMDAyLTAyMDQwMC0wMDAxOS0wMTMiLCJhdHRyIjoiKyJ9XX0%3D
重点校订,128,A,90,580,971,1947/05/07 ~ 1947/05/07,蒋经国函蒋中正陈述南京各大学自治会选举结果及检讨并拟筹组南京学生联合会压倒民盟之活动另中央大学教授仍请求政府加薪,组织直接命中：民盟；机关/情报：蒋中正；年份：1947,drnh:002-040700-00003-017,https://ahonline.drnh.gov.tw/index.php?act=Archive/search/eyJxdWVyeSI6W3siZmllbGQiOiJzdG9yZV9ubyIsInZhbHVlIjoiMDAyLTA0MDcwMC0wMDAwMy0wMTciLCJhdHRyIjoiKyJ9XX0%3D
重点校订,128,A,90,613,1004,1947/06/02 ~ 1947/06/02,程潜电蒋中正张群武汉学潮初由武汉大学共党及民盟分子策动罢课游行武大学生自治会决议无限罢课到恢复和谈为止等五项及宪警逮捕人犯被包围劫去等情,组织直接命中：民盟；机关/情报：蒋中正；年份：1947,drnh:002-090300-00012-176,https://ahonline.drnh.gov.tw/index.php?act=Archive/search/eyJxdWVyeSI6W3siZmllbGQiOiJzdG9yZV9ubyIsInZhbHVlIjoiMDAyLTA5MDMwMC0wMDAxMi0xNzYiLCJhdHRyIjoiKyJ9XX0%3D
重点校订,128,A,90,619,1010,1947/06/03 ~ 1947/06/03,罗卓英电蒋中正自学生游行后经广州行辕党团采紧急措施将中共民盟潜入各校者拘捕并由工会发出宣言揭发中共民盟危害社会阴谋反对罢工罢课后暂告平息等,组织直接命中：民盟；机关/情报：蒋中正；年份：1947,drnh:002-090300-00016-331,https://ahonline.drnh.gov.tw/index.php?act=Archive/search/eyJxdWVyeSI6W3siZmllbGQiOiJzdG9yZV9ubyIsInZhbHVlIjoiMDAyLTA5MDMwMC0wMDAxNi0zMzEiLCJhdHRyIjoiKyJ9XX0%3D
重点校订,128,A,90,538,929,1947/07/24 ~ 1947/07/24,蒋中正接熊式辉呈报匪将再度发动攻势请补充新兵拨购粮券币后批示饬国防部限期将新兵运至东北交接及批阅关于民主同盟对魏德迈来华拟出而领导民间势力之报告称民盟之言论…,组织直接命中：民主同盟、民盟；机关/情报：蒋中正；年份：1947,drnh:002-060100-00226-024,https://ahonline.drnh.gov.tw/index.php?act=Archive/search/eyJxdWVyeSI6W3siZmllbGQiOiJzdG9yZV9ubyIsInZhbHVlIjoiMDAyLTA2MDEwMC0wMDIyNi0wMjQiLCJhdHRyIjoiKyJ9XX0%3D
重点校订,128,A,90,539,930,1947/08/06 ~ 1947/08/06,蒋中正指示顾祝同加紧陇海路部署并接见司徒雷登商谈顾问团权责问题，中央常务委员会决议李济琛在港擅发宣言鼓动民变予以开除党籍并通过各级党团统一组织实施办法，民主同盟,组织直接命中：民主同盟；机关/情报：蒋中正；年份：1947,drnh:002-060100-00227-006,https://ahonline.drnh.gov.tw/index.php?act=Archive/search/eyJxdWVyeSI6W3siZmllbGQiOiJzdG9yZV9ubyIsInZhbHVlIjoiMDAyLTA2MDEwMC0wMDIyNy0wMDYiLCJhdHRyIjoiKyJ9XX0%3D
重点校订,128,A,90,562,953,1947/08/15 ~ 1947/08/15,杜聿明郑洞国电蒋中正白崇禧等匪近于哈市南岗成立独立三个师归民主联军总司令部直辖正训练中又哈市道外有匪民主同盟三个团约三千余另有匪民联二千余等,组织直接命中：民主同盟；机关/情报：蒋中正；年份：1947,drnh:002-090300-00168-057,https://ahonline.drnh.gov.tw/index.php?act=Archive/search/eyJxdWVyeSI6W3siZmllbGQiOiJzdG9yZV9ubyIsInZhbHVlIjoiMDAyLTA5MDMwMC0wMDE2OC0wNTciLCJhdHRyIjoiKyJ9XX0%3D
重点校订,128,A,90,578,969,1947/08/16 ~ 1947/08/16,俞济时呈蒋中正华南反动分子阴谋及民盟致魏德迈备忘录,组织直接命中：民盟；机关/情报：蒋中正；年份：1947,drnh:002-020400-00046-044,https://ahonline.drnh.gov.tw/index.php?act=Archive/search/eyJxdWVyeSI6W3siZmllbGQiOiJzdG9yZV9ubyIsInZhbHVlIjoiMDAyLTAyMDQwMC0wMDA0Ni0wNDQiLCJhdHRyIjoiKyJ9XX0%3D
重点校订,128,A,90,513,904,1947/09/05 ~ 1947/09/05,蒋中正电示张嘉璈沈阳中央分行韩立如为民主同盟重要分子即调换,组织直接命中：民主同盟；机关/情报：蒋中正；年份：1947,drnh:002-010400-00006-034,https://ahonline.drnh.gov.tw/index.php?act=Archive/search/eyJxdWVyeSI6W3siZmllbGQiOiJzdG9yZV9ubyIsInZhbHVlIjoiMDAyLTAxMDQwMC0wMDAwNi0wMzQiLCJhdHRyIjoiKyJ9XX0%3D
重点校订,128,A,90,540,931,1947/09/05 ~ 1947/09/05,蒋中正电张嘉璈中央银行沈阳分行经理韩立如挑拨是非且经查明确为民主同盟重要份子应即撤换，陈立夫呈蒋中正请辞中央组织部长职，苏俄轮船擅载客货来沪我方外交部即向苏…,组织直接命中：民主同盟；机关/情报：蒋中正；年份：1947,drnh:002-060100-00228-005,https://ahonline.drnh.gov.tw/index.php?act=Archive/search/eyJxdWVyeSI6W3siZmllbGQiOiJzdG9yZV9ubyIsInZhbHVlIjoiMDAyLTA2MDEwMC0wMDIyOC0wMDUiLCJhdHRyIjoiKyJ9XX0%3D
重点校订,128,A,90,588,979,1947/09/05 ~ 1947/09/05,甘竞生呈蒋中正广西近情及意见民盟分子李任仁陈良佐与李济琛互通声气省府部分官员系民盟或共党另桂省师管反补充团有急速成立之必要等文电日报表,组织直接命中：民盟；机关/情报：蒋中正；年份：1947,drnh:002-080200-00537-008,https://ahonline.drnh.gov.tw/index.php?act=Archive/search/eyJxdWVyeSI6W3siZmllbGQiOiJzdG9yZV9ubyIsInZhbHVlIjoiMDAyLTA4MDIwMC0wMDUzNy0wMDgiLCJhdHRyIjoiKyJ9XX0%3D
重点校订,128,A,90,541,932,1947/09/08 ~ 1947/09/08,谷正鼎徐佛观呈蒋中正民主同盟自政府颁布总动员令后即配合共匪积极在各大都市从事破坏活动影响动员拟令行政院将破坏总动员者依妨害国家总动员惩罚条例惩治通知民盟交出…,组织直接命中：民主同盟、民盟；机关/情报：蒋中正；年份：1947,drnh:002-060100-00228-008,https://ahonline.drnh.gov.tw/index.php?act=Archive/search/eyJxdWVyeSI6W3siZmllbGQiOiJzdG9yZV9ubyIsInZhbHVlIjoiMDAyLTA2MDEwMC0wMDIyOC0wMDgiLCJhdHRyIjoiKyJ9XX0%3D
重点校订,128,A,90,542,933,1947/10/04 ~ 1947/10/04,蒋中正接祝绍周呈报民主同盟份子杜斌丞密谋响应匪军暴动并贩卖烟毒有据经执行枪决又接郭忏呈拟黄河南岸十八个营据点守备工事方案等,组织直接命中：民主同盟；机关/情报：蒋中正；年份：1947,drnh:002-060100-00229-004,https://ahonline.drnh.gov.tw/index.php?act=Archive/search/eyJxdWVyeSI6W3siZmllbGQiOiJzdG9yZV9ubyIsInZhbHVlIjoiMDAyLTA2MDEwMC0wMDIyOS0wMDQiLCJhdHRyIjoiKyJ9XX0%3D
重点校订,128,A,90,530,921,1947/10/05 ~ 1947/10/05,祝绍周电蒋中正民主同盟分子杜斌丞密谋响应共军暴动经于七日枪决,组织直接命中：民主同盟；机关/情报：蒋中正；年份：1947,drnh:002-020400-00019-095,https://ahonline.drnh.gov.tw/index.php?act=Archive/search/eyJxdWVyeSI6W3siZmllbGQiOiJzdG9yZV9ubyIsInZhbHVlIjoiMDAyLTAyMDQwMC0wMDAxOS0wOTUiLCJhdHRyIjoiKyJ9XX0%3D
重点校订,128,A,90,543,934,1947/10/23 ~ 1947/10/23,蒋中正主持作战会报并召见张群吴铁城陈立夫等就选举方针与对民主同盟事有所指示等,组织直接命中：民主同盟；机关/情报：蒋中正；年份：1947,drnh:002-060100-00229-023,https://ahonline.drnh.gov.tw/index.php?act=Archive/search/eyJxdWVyeSI6W3siZmllbGQiOiJzdG9yZV9ubyIsInZhbHVlIjoiMDAyLTA2MDEwMC0wMDIyOS0wMjMiLCJhdHRyIjoiKyJ9XX0%3D
重点校订,128,A,90,526,917,1947/10/27 ~ 1947/10/27,军务局呈蒋中正民主同盟京沪重要人员被监视后多已逃匿,组织直接命中：民主同盟；机关/情报：蒋中正；年份：1947,drnh:002-020400-00011-053,https://ahonline.drnh.gov.tw/index.php?act=Archive/search/eyJxdWVyeSI6W3siZmllbGQiOiJzdG9yZV9ubyIsInZhbHVlIjoiMDAyLTAyMDQwMC0wMDAxMS0wNTMiLCJhdHRyIjoiKyJ9XX0%3D
重点校订,128,A,90,620,1011,1947/10/30 ~ 1947/10/30,沈鸿烈电蒋中正张群浙大学生自今日起罢课三天并于午后集合四百余人赴法院慰问被捕同学现校内尚有共党民盟分子为预防奸党乘机扰动自本晚起宣布临时戒严等,组织直接命中：民盟；机关/情报：蒋中正；年份：1947,drnh:002-090300-00016-337,https://ahonline.drnh.gov.tw/index.php?act=Archive/search/eyJxdWVyeSI6W3siZmllbGQiOiJzdG9yZV9ubyIsInZhbHVlIjoiMDAyLTA5MDMwMC0wMDAxNi0zMzciLCJhdHRyIjoiKyJ9XX0%3D
重点校订,128,A,90,621,1012,1947/11/04 ~ 1947/11/04,沈鸿烈电蒋中正浙大昨日宣布复课惟适值学生自治会改组为共党民盟所控制复要求校方保释被捕学生暨组控诉委员会等项并决定本日罢课一天明日起休止罢课等,组织直接命中：民盟；机关/情报：蒋中正；年份：1947,drnh:002-090300-00016-338,https://ahonline.drnh.gov.tw/index.php?act=Archive/search/eyJxdWVyeSI6W3siZmllbGQiOiJzdG9yZV9ubyIsInZhbHVlIjoiMDAyLTA5MDMwMC0wMDAxNi0zMzgiLCJhdHRyIjoiKyJ9XX0%3D
重点校订,127,A,90,524,915,1948/05/06 ~ 1948/05/06,保密局呈蒋中正港英政府对民主同盟分子干涉情形,组织直接命中：民主同盟；机关/情报：蒋中正、保密局；年份：1948,drnh:002-020400-00010-099,https://ahonline.drnh.gov.tw/index.php?act=Archive/search/eyJxdWVyeSI6W3siZmllbGQiOiJzdG9yZV9ubyIsInZhbHVlIjoiMDAyLTAyMDQwMC0wMDAxMC0wOTkiLCJhdHRyIjoiKyJ9XX0%3D
重点校订,127,A,90,574,965,1948/05/19 ~ 1948/05/19,中讯局呈蒋中正有关李济琛及民盟沈钧儒等商讨配合中共五月攻势问题,组织直接命中：民盟；人物：沈钧儒；机关/情报：蒋中正；年份：1948,drnh:002-020400-00025-063,https://ahonline.drnh.gov.tw/index.php?act=Archive/search/eyJxdWVyeSI6W3siZmllbGQiOiJzdG9yZV9ubyIsInZhbHVlIjoiMDAyLTAyMDQwMC0wMDAyNS0wNjMiLCJhdHRyIjoiKyJ9XX0%3D
重点校订,127,A,90,579,970,1948/07/09 ~ 1948/07/09,保密局呈蒋中正苏俄罗申对民盟工作指示,组织直接命中：民盟；机关/情报：蒋中正、保密局；年份：1948,drnh:002-020400-00048-074,https://ahonline.drnh.gov.tw/index.php?act=Archive/search/eyJxdWVyeSI6W3siZmllbGQiOiJzdG9yZV9ubyIsInZhbHVlIjoiMDAyLTAyMDQwMC0wMDA0OC0wNzQiLCJhdHRyIjoiKyJ9XX0%3D
重点校订,125,A,90,555,946,1945/04/25 ~ 1945/04/25,程潜电何应钦据报奸伪与民主同盟鼓动西南联大学生发出国是意见后继以谣言攻势更欲于五四扩大示威游行并正进行组织全国学联会等情请与龙云设法预防,组织直接命中：民主同盟；年份：1945,drnh:002-090300-00012-116,https://ahonline.drnh.gov.tw/index.php?act=Archive/search/eyJxdWVyeSI6W3siZmllbGQiOiJzdG9yZV9ubyIsInZhbHVlIjoiMDAyLTA5MDMwMC0wMDAxMi0xMTYiLCJhdHRyIjoiKyJ9XX0%3D
重点校订,125,A,90,618,1009,1946/02/26 ~ 1946/02/26,赵联群电赵应时新华日报载成都学生游行口号中有打倒民盟打倒张群拥护陈立夫等口号希即查明后由游行团体申明否认并指责日报造谣及由中央社发稿如何,组织直接命中：民盟；年份：1946,drnh:002-090300-00016-300,https://ahonline.drnh.gov.tw/index.php?act=Archive/search/eyJxdWVyeSI6W3siZmllbGQiOiJzdG9yZV9ubyIsInZhbHVlIjoiMDAyLTA5MDMwMC0wMDAxNi0zMDAiLCJhdHRyIjoiKyJ9XX0%3D
重点校订,125,A,90,617,1008,1946/07/01 ~ 1946/07/01,钱裕昆电赵联群据报在滇奸党与民盟为取得工商活动根据地与通讯据点特借云大政治学会名义于台湾贸易公司于百溪来滇时介绍联大云大毕业生随往该公司服务,组织直接命中：民盟；年份：1946,drnh:002-090300-00016-260,https://ahonline.drnh.gov.tw/index.php?act=Archive/search/eyJxdWVyeSI6W3siZmllbGQiOiJzdG9yZV9ubyIsInZhbHVlIjoiMDAyLTA5MDMwMC0wMDAxNi0yNjAiLCJhdHRyIjoiKyJ9XX0%3D
重点校订,125,A,90,615,1006,1946/09/27 ~ 1946/09/27,重庆行辕电华夏胜据报渝市奸伪与民盟拉拢新兴小党派奸伪吴玉章指示在渝干部周文认为此项工作侧重由民盟设法运用其办法为考查新兴党派要人思想等,组织直接命中：民盟；年份：1946,drnh:002-090300-00016-124,https://ahonline.drnh.gov.tw/index.php?act=Archive/search/eyJxdWVyeSI6W3siZmllbGQiOiJzdG9yZV9ubyIsInZhbHVlIjoiMDAyLTA5MDMwMC0wMDAxNi0xMjQiLCJhdHRyIjoiKyJ9XX0%3D
重点校订,125,A,90,647,1038,1947,对付海外中共民盟办法及范经绍计划,组织直接命中：民盟；年份：1947,drnh:020-010110-0113,https://ahonline.drnh.gov.tw/index.php?act=Archive/search/eyJxdWVyeSI6W3siZmllbGQiOiJzdG9yZV9ubyIsInZhbHVlIjoiMDIwLTAxMDExMC0wMTEzIiwiYXR0ciI6IisifV19
重点校订,124,A,90,622,1013,1948/07/22 ~ 1948/07/22,陶镕电蒋中正立院休会返昆昆明学潮虽解决但因中共民盟发展已久外县仍多奸党活动及滇省共匪在滇桂越边境较多企图与桂境李济琛指挥下之民主联军联合,组织直接命中：民盟；机关/情报：蒋中正；年份：1948,drnh:002-090300-00016-362,https://ahonline.drnh.gov.tw/index.php?act=Archive/search/eyJxdWVyeSI6W3siZmllbGQiOiJzdG9yZV9ubyIsInZhbHVlIjoiMDAyLTA5MDMwMC0wMDAxNi0zNjIiLCJhdHRyIjoiKyJ9XX0%3D
重点校订,124,A,90,634,1025,1948/09/07 ~ 1948/09/07,卢汉电蒋中正称滇西匪段英已遭击溃在昆明捕获现正严讯中期得民盟在云南逆谋以为预防,组织直接命中：民盟；机关/情报：蒋中正；年份：1948,drnh:002-090300-00189-150,https://ahonline.drnh.gov.tw/index.php?act=Archive/search/eyJxdWVyeSI6W3siZmllbGQiOiJzdG9yZV9ubyIsInZhbHVlIjoiMDAyLTA5MDMwMC0wMDE4OS0xNTAiLCJhdHRyIjoiKyJ9XX0%3D
重点校订,124,A,90,635,1026,1948/09/21 ~ 1948/09/21,王耀武电蒋中正称据杨团一称吴化文曾对其面示毛泽东冯玉祥之致电促其参加革命及该师驻京办事处长王一民思想左倾接近民盟常密往防地与吴密谈等,组织直接命中：民盟；机关/情报：蒋中正；年份：1948,drnh:002-090300-00190-159,https://ahonline.drnh.gov.tw/index.php?act=Archive/search/eyJxdWVyeSI6W3siZmllbGQiOiJzdG9yZV9ubyIsInZhbHVlIjoiMDAyLTA5MDMwMC0wMDE5MC0xNTkiLCJhdHRyIjoiKyJ9XX0%3D
重点校订,124,A,90,528,919,1948/10/19 ~ 1948/10/19,俞济时呈蒋中正谓李济琛与毛泽东勾结情况民主同盟谋破坏美援,组织直接命中：民主同盟；机关/情报：蒋中正；年份：1948,drnh:002-020400-00011-127,https://ahonline.drnh.gov.tw/index.php?act=Archive/search/eyJxdWVyeSI6W3siZmllbGQiOiJzdG9yZV9ubyIsInZhbHVlIjoiMDAyLTAyMDQwMC0wMDAxMS0xMjciLCJhdHRyIjoiKyJ9XX0%3D
重点校订,124,A,90,563,954,1949/05/31 ~ 1949/05/31,毛人凤电蒋中正据报匪军占据关中后将由阳平关暨鄂西等地分股入四川现四川境内哥老会帮在民主同盟分子拉拔下已在甘陕川边区控制民团帮徒反对胡宗南部入川,组织直接命中：民主同盟；机关/情报：蒋中正；年份：1949,drnh:002-090300-00199-149,https://ahonline.drnh.gov.tw/index.php?act=Archive/search/eyJxdWVyeSI6W3siZmllbGQiOiJzdG9yZV9ubyIsInZhbHVlIjoiMDAyLTA5MDMwMC0wMDE5OS0xNDkiLCJhdHRyIjoiKyJ9XX0%3D
重点校订,124,A,90,575,966,1949/09/13 ~ 1949/09/13,李宗黄电蒋中正拟请令当局将中共及民盟首要全部捕拿,组织直接命中：民盟；机关/情报：蒋中正；年份：1949,drnh:002-020400-00032-031,https://ahonline.drnh.gov.tw/index.php?act=Archive/search/eyJxdWVyeSI6W3siZmllbGQiOiJzdG9yZV9ubyIsInZhbHVlIjoiMDAyLTAyMDQwMC0wMDAzMi0wMzEiLCJhdHRyIjoiKyJ9XX0%3D
重点校订,121,A,90,570,961,1948/05/01 ~ 1948/05/01,国立海疆学校侨生电国民政府为本校校长以下教职员多数均为异党民盟份子影响学生思想迅予整肃,组织直接命中：民盟；年份：1948,drnh:001-090341-00001-070,https://ahonline.drnh.gov.tw/index.php?act=Archive/search/eyJxdWVyeSI6W3siZmllbGQiOiJzdG9yZV9ubyIsInZhbHVlIjoiMDAxLTA5MDM0MS0wMDAwMS0wNzAiLCJhdHRyIjoiKyJ9XX0%3D
重点校订,119,A,90,503,894,1944/00/00 ~ 1944/00/00,川康军人动态含成都某方面对时局阴谋文件与川康某种运动负责人名单等，中国民主同盟对抗战最后阶段的主要政治主张，周成虎呈潘文华有关四川预备计划,组织直接命中：中国民主同盟、民主同盟；年份：1944,drnh:002-080101-00039-006,https://ahonline.drnh.gov.tw/index.php?act=Archive/search/eyJxdWVyeSI6W3siZmllbGQiOiJzdG9yZV9ubyIsInZhbHVlIjoiMDAyLTA4MDEwMS0wMDAzOS0wMDYiLCJhdHRyIjoiKyJ9XX0%3D
重点校订,118,A,90,690,1081,1946/10/02 ~ 1946/10/02,张澜等电蒋中正恳请停止国共内战举行国民大会制定宪法以促进国家和平统一完成民主宪政,人物：张澜；事件：国民大会、宪法、内战；机关/情报：蒋中正；年份：1946,drnh:002-090300-00144-177,https://ahonline.drnh.gov.tw/index.php?act=Archive/search/eyJxdWVyeSI6W3siZmllbGQiOiJzdG9yZV9ubyIsInZhbHVlIjoiMDAyLTA5MDMwMC0wMDE0NC0xNzciLCJhdHRyIjoiKyJ9XX0%3D
重点校订,115,A,90,678,1069,1947/12/19 ~ 1947/12/19,保密局等呈蒋中正为李济琛郭沫若等积极筹组民主阵线并发表谬论及张君劢与张澜孙宝毅晤谈内容等情报提要等四则,人物：张澜、张君劢；机关/情报：蒋中正、情报、保密局；年份：1947,drnh:002-080200-00537-157,https://ahonline.drnh.gov.tw/index.php?act=Archive/search/eyJxdWVyeSI6W3siZmllbGQiOiJzdG9yZV9ubyIsInZhbHVlIjoiMDAyLTA4MDIwMC0wMDUzNy0xNTciLCJhdHRyIjoiKyJ9XX0%3D
重点校订,115,A,90,680,1071,1948/10/01 ~ 1948/10/01,保密局等呈蒋中正报告沈钧儒等函张澜等报告有关新政协问题及青年党民社党农民党近与共党接触有试探参加新政协企图等各党派动态情报提要四则,人物：张澜、沈钧儒；事件：政协；机关/情报：蒋中正、情报、保密局；年份：1948,drnh:002-080200-00547-072,https://ahonline.drnh.gov.tw/index.php?act=Archive/search/eyJxdWVyeSI6W3siZmllbGQiOiJzdG9yZV9ubyIsInZhbHVlIjoiMDAyLTA4MDIwMC0wMDU0Ny0wNzIiLCJhdHRyIjoiKyJ9XX0%3D
重点校订,113,A,90,745,1136,1946/05/22 ~ 1946/05/22,张君劢黄炎培等电蒋中正周恩来毛泽东东北停战协议签字已逾五十余日但战事未已现吁请立刻停战共军撤出且不再进兵长春东北政务委员会进驻当地主持政务等,人物：张君劢、黄炎培；事件：停战；机关/情报：蒋中正；年份：1946,drnh:002-090300-00019-050,https://ahonline.drnh.gov.tw/index.php?act=Archive/search/eyJxdWVyeSI6W3siZmllbGQiOiJzdG9yZV9ubyIsInZhbHVlIjoiMDAyLTA5MDMwMC0wMDAxOS0wNTAiLCJhdHRyIjoiKyJ9XX0%3D
重点校订,112,A,90,812,1203,1945/07/01 ~ 1945/07/01,戴笠电蒋中正据报黄炎培左舜生褚辅成等于七月一日乘美军机赴延安,人物：左舜生、黄炎培；机关/情报：戴笠、蒋中正；年份：1945,drnh:002-080200-00301-062,https://ahonline.drnh.gov.tw/index.php?act=Archive/search/eyJxdWVyeSI6W3siZmllbGQiOiJzdG9yZV9ubyIsInZhbHVlIjoiMDAyLTA4MDIwMC0wMDMwMS0wNjIiLCJhdHRyIjoiKyJ9XX0%3D
重点校订,112,A,90,813,1204,1945/07/05 ~ 1945/07/05,侦察电台电蒋中正中共欢迎褚辅成黄炎培冷遹傅斯年左舜生章伯钧等人晚会情形,人物：章伯钧、左舜生、黄炎培；机关/情报：蒋中正；年份：1945,drnh:002-080200-00301-063,https://ahonline.drnh.gov.tw/index.php?act=Archive/search/eyJxdWVyeSI6W3siZmllbGQiOiJzdG9yZV9ubyIsInZhbHVlIjoiMDAyLTA4MDIwMC0wMDMwMS0wNjMiLCJhdHRyIjoiKyJ9XX0%3D
重点校订,110,A,90,717,1108,1945/02/02 ~ 1945/02/02,钱大钧等呈蒋中正有关沈钧儒等访周恩来询及中国国民党召开国民大会意见,人物：沈钧儒；事件：国民大会；机关/情报：蒋中正；年份：1945,drnh:002-020400-00003-034,https://ahonline.drnh.gov.tw/index.php?act=Archive/search/eyJxdWVyeSI6W3siZmllbGQiOiJzdG9yZV9ubyIsInZhbHVlIjoiMDAyLTAyMDQwMC0wMDAwMy0wMzQiLCJhdHRyIjoiKyJ9XX0%3D
重点校订,110,A,90,797,1188,1946/10/25 ~ 1946/10/25,皮宗敢电周宏涛转蒋中正闻马歇尔司徒雷登接见罗隆基等提出第三方面应注意政府改组及国大诸问题与整军方案暨中共愿接受钧座所提八原则等谈话内容,人物：罗隆基；事件：马歇尔；机关/情报：蒋中正；年份：1946,drnh:002-090300-00023-106,https://ahonline.drnh.gov.tw/index.php?act=Archive/search/eyJxdWVyeSI6W3siZmllbGQiOiJzdG9yZV9ubyIsInZhbHVlIjoiMDAyLTA5MDMwMC0wMDAyMy0xMDYiLCJhdHRyIjoiKyJ9XX0%3D
重点校订,110,A,90,780,1171,1947/02/08 ~ 1947/02/08,中统局呈蒋中正谓罗隆基不参加改组政府刘文辉地方与中央同时改组,人物：罗隆基；事件：改组政府；机关/情报：蒋中正；年份：1947,drnh:002-020400-00010-029,https://ahonline.drnh.gov.tw/index.php?act=Archive/search/eyJxdWVyeSI6W3siZmllbGQiOiJzdG9yZV9ubyIsInZhbHVlIjoiMDAyLTAyMDQwMC0wMDAxMC0wMjkiLCJhdHRyIjoiKyJ9XX0%3D
常规校订,109,A,90,672,1063,1945/09/06 ~ 1945/09/06,戴笠叶秀峰张镇呈蒋中正共党徐水王若飞毛泽东张澜对国共谈判宣传汇报,人物：张澜；机关/情报：戴笠、蒋中正；年份：1945,drnh:002-080200-00302-036,https://ahonline.drnh.gov.tw/index.php?act=Archive/search/eyJxdWVyeSI6W3siZmllbGQiOiJzdG9yZV9ubyIsInZhbHVlIjoiMDAyLTA4MDIwMC0wMDMwMi0wMzYiLCJhdHRyIjoiKyJ9XX0%3D
常规校订,109,A,90,746,1137,1946/06/12 ~ 1946/06/12,薛藩滋电毛人凤得毛泽东电黄炎培沈钧儒章伯钧梁槎溟谓东北问题和平解决为该党一贯主张兹承电示原则上极表赞同一切当与周恩来面商,人物：沈钧儒、章伯钧、黄炎培；年份：1946,drnh:002-090300-00020-259,https://ahonline.drnh.gov.tw/index.php?act=Archive/search/eyJxdWVyeSI6W3siZmllbGQiOiJzdG9yZV9ubyIsInZhbHVlIjoiMDAyLTA5MDMwMC0wMDAyMC0yNTkiLCJhdHRyIjoiKyJ9XX0%3D
常规校订,109,A,90,719,1110,1946/10/31 ~ 1946/10/31,蒋中正接孙科吴铁城等呈第三方面主张由政府中共等武方面各推二人举行非正式事综合商谈之建议及接陈布雷报告与第三方面人士会谈情形黄炎培梁漱溟等之表示似尚欲政府再作让步行政院即随同国…,人物：黄炎培、梁漱溟；机关/情报：蒋中正；年份：1946,drnh:002-060100-00217-031,https://ahonline.drnh.gov.tw/index.php?act=Archive/search/eyJxdWVyeSI6W3siZmllbGQiOiJzdG9yZV9ubyIsInZhbHVlIjoiMDAyLTA2MDEwMC0wMDIxNy0wMzEiLCJhdHRyIjoiKyJ9XX0%3D
常规校订,109,A,90,806,1197,1947/02/01 ~ 1947/02/01,保密局呈蒋中正第三党章伯钧朱蕴山商讨该党改组拟拥黄琪翔李济琛,人物：章伯钧；机关/情报：蒋中正、保密局；年份：1947,drnh:002-020400-00010-028,https://ahonline.drnh.gov.tw/index.php?act=Archive/search/eyJxdWVyeSI6W3siZmllbGQiOiJzdG9yZV9ubyIsInZhbHVlIjoiMDAyLTAyMDQwMC0wMDAxMC0wMjgiLCJhdHRyIjoiKyJ9XX0%3D
常规校订,108,A,90,816,1207,1948/08/17 ~ 1948/08/17,保密局呈蒋中正查李济琛章伯钧对中共看法意见分歧与李济琛宋子文会晤情形及冯玉祥离美消息与其汇款来源等情报提要,人物：章伯钧；机关/情报：蒋中正、情报、保密局；年份：1948,drnh:002-080200-00547-033,https://ahonline.drnh.gov.tw/index.php?act=Archive/search/eyJxdWVyeSI6W3siZmllbGQiOiJzdG9yZV9ubyIsInZhbHVlIjoiMDAyLTA4MDIwMC0wMDU0Ny0wMzMiLCJhdHRyIjoiKyJ9XX0%3D
常规校订,108,A,90,817,1208,1948/11/21 ~ 1948/11/21,保密局呈蒋中正报告青年党将召开六中全会商决今后政治态度及张君劢指示民社党应基于国家民族立场与国民党同一阵线阻止共党得势等各党派动态情报提要五则,人物：张君劢；机关/情报：蒋中正、情报、保密局；年份：1948,drnh:002-080200-00547-097,https://ahonline.drnh.gov.tw/index.php?act=Archive/search/eyJxdWVyeSI6W3siZmllbGQiOiJzdG9yZV9ubyIsInZhbHVlIjoiMDAyLTA4MDIwMC0wMDU0Ny0wOTciLCJhdHRyIjoiKyJ9XX0%3D
常规校订,107,A,90,662,1053,1941/01/24 ~ 1941/01/24,张澜黄炎培等呈蒋中正关于国民参政会此次开会建议邀请中央出席完成行宪手续等意见，宋庆龄等呈蒋中正请审慎处理新四军问题,人物：张澜、黄炎培；事件：国民参政会；机关/情报：蒋中正；年份：1941,drnh:002-080103-00050-011,https://ahonline.drnh.gov.tw/index.php?act=Archive/search/eyJxdWVyeSI6W3siZmllbGQiOiJzdG9yZV9ubyIsInZhbHVlIjoiMDAyLTA4MDEwMy0wMDA1MC0wMTEiLCJhdHRyIjoiKyJ9XX0%3D
常规校订,106,A,90,723,1114,1945/04/18 ~ 1946/12/14,宋子文白崇禧张君劢等分电蒋中正陈述对共党问题之意见,人物：张君劢；机关/情报：蒋中正；年份：1945,drnh:002-080104-00015-001,https://ahonline.drnh.gov.tw/index.php?act=Archive/search/eyJxdWVyeSI6W3siZmllbGQiOiJzdG9yZV9ubyIsInZhbHVlIjoiMDAyLTA4MDEwNC0wMDAxNS0wMDEiLCJhdHRyIjoiKyJ9XX0%3D
常规校订,106,A,90,798,1189,1946/10/25 ~ 1946/10/25,皮宗敢电周宏涛转蒋中正晤司徒雷登谓今日马与司徒接见第三方面罗隆基李璜等谓现阶段应集中讨论实行整军方案办法及罗等称中共有接受八项原则之可能等,人物：罗隆基；机关/情报：蒋中正；年份：1946,drnh:002-090300-00023-219,https://ahonline.drnh.gov.tw/index.php?act=Archive/search/eyJxdWVyeSI6W3siZmllbGQiOiJzdG9yZV9ubyIsInZhbHVlIjoiMDAyLTA5MDMwMC0wMDAyMy0yMTkiLCJhdHRyIjoiKyJ9XX0%3D
常规校订,103,A,90,650,1041,1946/07/16 ~ 1947/06/16,青海省参议会等呈请纠正张澜反美对华货款言论，四川省参议会呈请建设衡阳为抗战纪念城，长春市临时参议会呈请取消中央不利民生之骈枝机构，改善平津及华北各项措施,人物：张澜；年份：1946,drnh:001-050060-00007-000,https://ahonline.drnh.gov.tw/index.php?act=Archive/search/eyJxdWVyeSI6W3siZmllbGQiOiJzdG9yZV9ubyIsInZhbHVlIjoiMDAxLTA1MDA2MC0wMDAwNy0wMDAiLCJhdHRyIjoiKyJ9XX0%3D
常规校订,103,A,90,674,1065,1947/10/13 ~ 1947/10/13,据上海大公报张澜谈话请饬祝绍周呈报杜斌丞勾结匪军证据以便反驳,人物：张澜；年份：1947,drnh:002-080200-00321-036,https://ahonline.drnh.gov.tw/index.php?act=Archive/search/eyJxdWVyeSI6W3siZmllbGQiOiJzdG9yZV9ubyIsInZhbHVlIjoiMDAyLTA4MDIwMC0wMDMyMS0wMzYiLCJhdHRyIjoiKyJ9XX0%3D
常规校订,100,A,90,730,1121,1944/11/15 ~ 1944/11/15,李健生函蒋中正告以周恩来访沈钧儒张申府等表示国民党系因内外压力而与共党合作认为国民党若不改变态度将难挽回危局,人物：沈钧儒；机关/情报：蒋中正；年份：1944,drnh:002-080200-00300-030,https://ahonline.drnh.gov.tw/index.php?act=Archive/search/eyJxdWVyeSI6W3siZmllbGQiOiJzdG9yZV9ubyIsInZhbHVlIjoiMDAyLTA4MDIwMC0wMDMwMC0wMzAiLCJhdHRyIjoiKyJ9XX0%3D
常规校订,85,B,60,924,1315,1946/11/03 ~ 1946/11/03,蒋中正接见陈立夫洪兰友商谈国民大会有关问题并接见毛人凤又接见出席政治协商会议之政府代表商谈宪法草案提出于国民大会之手续事宜,事件：政治协商、国民大会、宪法；机关/情报：蒋中正；年份：1946,drnh:002-060100-00218-003,https://ahonline.drnh.gov.tw/index.php?act=Archive/search/eyJxdWVyeSI6W3siZmllbGQiOiJzdG9yZV9ubyIsInZhbHVlIjoiMDAyLTA2MDEwMC0wMDIxOC0wMDMiLCJhdHRyIjoiKyJ9XX0%3D
背景保留,83,B,60,919,1310,1946/01/18 ~ 1946/01/18,蒋中正接见戴笠陈立夫等谈组织交通警察总局和取消军统局与筹划党费等问题及考虑对俄共之决心营口泰安接为共军攻陷俄军并为共军掩护可知俄军不愿撤尽且必引起事端又政治协商会议,事件：政治协商；机关/情报：戴笠、军统、蒋中正；年份：1946,drnh:002-060100-00208-018,https://ahonline.drnh.gov.tw/index.php?act=Archive/search/eyJxdWVyeSI6W3siZmllbGQiOiJzdG9yZV9ubyIsInZhbHVlIjoiMDAyLTA2MDEwMC0wMDIwOC0wMTgiLCJhdHRyIjoiKyJ9XX0%3D
背景保留,81,B,60,932,1323,1946/01/08 ~ 1946/01/08,何思源电蒋中正政治协商会议召开在即而鲁省共军攻我愈急正围攻济宁聊城等地请转政协会议诸先生向共党代表交涉立刻停止鲁省各地对我之攻击,事件：政治协商、政协；机关/情报：蒋中正；年份：1946,drnh:002-090300-00020-008,https://ahonline.drnh.gov.tw/index.php?act=Archive/search/eyJxdWVyeSI6W3siZmllbGQiOiJzdG9yZV9ubyIsInZhbHVlIjoiMDAyLTA5MDMwMC0wMDAyMC0wMDgiLCJhdHRyIjoiKyJ9XX0%3D
背景保留,81,B,60,917,1308,1946/01/15 ~ 1946/01/15,蒋中正考虑近日急务促开军事三人小组会议与政治协商会议如不能成立协议惟宣布政府实施民主之步骤及接白崇禧电已转饬各部遵照停战并对整军有所建议陆军迅速整编充实粮弹…,事件：政治协商、停战；机关/情报：蒋中正；年份：1946,drnh:002-060100-00208-015,https://ahonline.drnh.gov.tw/index.php?act=Archive/search/eyJxdWVyeSI6W3siZmllbGQiOiJzdG9yZV9ubyIsInZhbHVlIjoiMDAyLTA2MDEwMC0wMDIwOC0wMTUiLCJhdHRyIjoiKyJ9XX0%3D
背景保留,81,B,60,918,1309,1946/01/17 ~ 1946/01/17,蒋中正接陈诚报告第十一战区北平天津保定石家庄日军缴械情形与日侨遣送状况航空部队全部解除武装又是日政治协商会议举行第七次大会讨论国民大会问题孙科等提出关于国民…,事件：政治协商、国民大会；机关/情报：蒋中正；年份：1946,drnh:002-060100-00208-017,https://ahonline.drnh.gov.tw/index.php?act=Archive/search/eyJxdWVyeSI6W3siZmllbGQiOiJzdG9yZV9ubyIsInZhbHVlIjoiMDAyLTA2MDEwMC0wMDIwOC0wMTciLCJhdHRyIjoiKyJ9XX0%3D
背景保留,81,B,60,936,1327,1946/01/17 ~ 1946/01/17,胡宗南电蒋中正据报匪新四军李先念皮定宗王树声等部攻陷息县光山正围潢川激战中虽值政治协商会议停战中仍请派大军进剿等情,事件：政治协商、停战；机关/情报：蒋中正；年份：1946,drnh:002-090300-00140-435,https://ahonline.drnh.gov.tw/index.php?act=Archive/search/eyJxdWVyeSI6W3siZmllbGQiOiJzdG9yZV9ubyIsInZhbHVlIjoiMDAyLTA5MDMwMC0wMDE0MC00MzUiLCJhdHRyIjoiKyJ9XX0%3D
背景保留,81,B,60,937,1328,1946/01/20 ~ 1946/01/20,胡宗南电蒋中正据邵鸿基电称顷闻政治协商会议中央命令无条件停战然中共依然破路进攻华北几全被占据如准要求停战无异断送华北万劫不复恳速收复华北等情,事件：政治协商、停战；机关/情报：蒋中正；年份：1946,drnh:002-090300-00147-165,https://ahonline.drnh.gov.tw/index.php?act=Archive/search/eyJxdWVyeSI6W3siZmllbGQiOiJzdG9yZV9ubyIsInZhbHVlIjoiMDAyLTA5MDMwMC0wMDE0Ny0xNjUiLCJhdHRyIjoiKyJ9XX0%3D
背景保留,81,B,60,929,1320,1946/01/21 ~ 1946/01/21,陈布雷呈蒋中正有关陶希圣所呈对政治协商会议及其后政局转变本党之政策、当前之急务、马歇尔特使使命之结束等意见书,事件：政治协商、马歇尔；机关/情报：蒋中正；年份：1946,drnh:002-080104-00015-010,https://ahonline.drnh.gov.tw/index.php?act=Archive/search/eyJxdWVyeSI6W3siZmllbGQiOiJzdG9yZV9ubyIsInZhbHVlIjoiMDAyLTA4MDEwNC0wMDAxNS0wMTAiLCJhdHRyIjoiKyJ9XX0%3D
背景保留,81,B,60,938,1329,1946/01/22 ~ 1946/01/22,王陵基电蒋中正判断皖鄂边区奸匪似有藉停战机会积极整补确占大别山要地与大小悟山情势若政治协商会议无圆满结果则以主力进出商城罗田窜扰鄂皖边区之企图,事件：政治协商、停战；机关/情报：蒋中正；年份：1946,drnh:002-090300-00148-007,https://ahonline.drnh.gov.tw/index.php?act=Archive/search/eyJxdWVyeSI6W3siZmllbGQiOiJzdG9yZV9ubyIsInZhbHVlIjoiMDAyLTA5MDMwMC0wMDE0OC0wMDciLCJhdHRyIjoiKyJ9XX0%3D
背景保留,81,B,60,853,1244,1946/01/28 ~ 1946/01/28,政治协商会议秘书长雷震呈国民政府主席蒋中正为送施政纲领军事宪法草案等三组商讨结果,事件：政治协商、宪法；机关/情报：蒋中正；年份：1946,drnh:001-046400-00002-007,https://ahonline.drnh.gov.tw/index.php?act=Archive/search/eyJxdWVyeSI6W3siZmllbGQiOiJzdG9yZV9ubyIsInZhbHVlIjoiMDAxLTA0NjQwMC0wMDAwMi0wMDciLCJhdHRyIjoiKyJ9XX0%3D
背景保留,81,B,60,906,1297,1946/01/28 ~ 1946/01/28,雷震呈蒋中正政治协商会议施政纲领军事宪法草案等三组商讨结果,事件：政治协商、宪法；机关/情报：蒋中正；年份：1946,drnh:002-020400-00005-022,https://ahonline.drnh.gov.tw/index.php?act=Archive/search/eyJxdWVyeSI6W3siZmllbGQiOiJzdG9yZV9ubyIsInZhbHVlIjoiMDAyLTAyMDQwMC0wMDAwNS0wMjIiLCJhdHRyIjoiKyJ9XX0%3D
背景保留,81,B,60,920,1311,1946/01/31 ~ 1946/01/31,蒋中正审阅政治协商会议所商定之宪草审议会之组织与宪法原则案及接刘翰东电共军围攻辽北省会与昌图开源共军向省会四郊逐渐合围招收武力不足应战清速发弹药并令国军增援…,事件：政治协商、宪法；机关/情报：蒋中正；年份：1946,drnh:002-060100-00208-031,https://ahonline.drnh.gov.tw/index.php?act=Archive/search/eyJxdWVyeSI6W3siZmllbGQiOiJzdG9yZV9ubyIsInZhbHVlIjoiMDAyLTA2MDEwMC0wMDIwOC0wMzEiLCJhdHRyIjoiKyJ9XX0%3D
背景保留,81,B,60,854,1245,1946/02/09 ~ 1946/02/09,政治协商会议秘书长雷震呈国民政府主席蒋中正为报告宪法草案审议委员会开会日期及名单,事件：政治协商、宪法；机关/情报：蒋中正；年份：1946,drnh:001-046400-00002-009,https://ahonline.drnh.gov.tw/index.php?act=Archive/search/eyJxdWVyeSI6W3siZmllbGQiOiJzdG9yZV9ubyIsInZhbHVlIjoiMDAxLTA0NjQwMC0wMDAwMi0wMDkiLCJhdHRyIjoiKyJ9XX0%3D
背景保留,81,B,60,922,1313,1946/03/16 ~ 1946/03/16,蒋中正于中国国民党第六届二中全会第十八次大会提出政治协商会议及宪草条改原则之审查报告并说明五权宪法精神在五权独立不可互相牵制等，政治协商会议…,事件：政治协商、宪法；机关/情报：蒋中正；年份：1946,drnh:002-060100-00210-016,https://ahonline.drnh.gov.tw/index.php?act=Archive/search/eyJxdWVyeSI6W3siZmllbGQiOiJzdG9yZV9ubyIsInZhbHVlIjoiMDAyLTA2MDEwMC0wMDIxMC0wMTYiLCJhdHRyIjoiKyJ9XX0%3D
背景保留,81,B,60,923,1314,1946/03/20 ~ 1946/03/20,蒋中正主持国民参政会第二次大会并致词指出日本投降后政府正以其全力复员整军和平建国呼吁参政员以把握重点注意现实解除地方苦难三者为依据提供具体方案另约见孙科等政治协商会议…,事件：政治协商、国民参政会；机关/情报：蒋中正；年份：1946,drnh:002-060100-00210-020,https://ahonline.drnh.gov.tw/index.php?act=Archive/search/eyJxdWVyeSI6W3siZmllbGQiOiJzdG9yZV9ubyIsInZhbHVlIjoiMDAyLTA2MDEwMC0wMDIxMC0wMjAiLCJhdHRyIjoiKyJ9XX0%3D
背景保留,80,B,60,894,1285,1945/12/20 ~ 1945/12/20,戴笠呈蒋中正中共中央政治局建议对政治协商会议须坚持之事项,事件：政治协商；机关/情报：戴笠、蒋中正；年份：1945,drnh:002-020400-00005-006,https://ahonline.drnh.gov.tw/index.php?act=Archive/search/eyJxdWVyeSI6W3siZmllbGQiOiJzdG9yZV9ubyIsInZhbHVlIjoiMDAyLTAyMDQwMC0wMDAwNS0wMDYiLCJhdHRyIjoiKyJ9XX0%3D
背景保留,80,B,60,908,1299,1948/05/09 ~ 1948/05/09,保密局呈蒋中正中共号召各党派举行政治协商会议企图成立联合政府,事件：政治协商、联合政府；机关/情报：蒋中正、保密局；年份：1948,drnh:002-020400-00010-098,https://ahonline.drnh.gov.tw/index.php?act=Archive/search/eyJxdWVyeSI6W3siZmllbGQiOiJzdG9yZV9ubyIsInZhbHVlIjoiMDAyLTAyMDQwMC0wMDAxMC0wOTgiLCJhdHRyIjoiKyJ9XX0%3D
背景保留,79,B,60,738,1129,1948/07/21 ~ 1948/07/21,保密局中讯局呈蒋中正共军华东解放军区分为三兵团及香港反动派召开新政协预备会议等中共及各党派动态情报提要四则,事件：政协；机关/情报：蒋中正、情报、保密局；年份：1948,drnh:002-080200-00547-022,https://ahonline.drnh.gov.tw/index.php?act=Archive/search/eyJxdWVyeSI6W3siZmllbGQiOiJzdG9yZV9ubyIsInZhbHVlIjoiMDAyLTA4MDIwMC0wMDU0Ny0wMjIiLCJhdHRyIjoiKyJ9XX0%3D
背景保留,78,B,60,844,1235,1945/09/27 ~ 1946/05/22,国民大会在重庆代表要求召开国民大会解决中共问题，各界对政治协商会之意见，吴鼎昌呈政治协商会议费用概算，贺耀组拟具政治协商会议外交内政立案要旨…,事件：政治协商、国民大会；年份：1945,drnh:001-046400-00001-000,https://ahonline.drnh.gov.tw/index.php?act=Archive/search/eyJxdWVyeSI6W3siZmllbGQiOiJzdG9yZV9ubyIsInZhbHVlIjoiMDAxLTA0NjQwMC0wMDAwMS0wMDAiLCJhdHRyIjoiKyJ9XX0%3D
背景保留,78,B,60,872,1263,1945/12/29 ~ 1945/12/29,外交部长王世杰与商谈召开政治协商会议问题代表的美国驻华特使马歇尔留影,事件：政治协商、马歇尔；年份：1945,drnh:002-050101-00005-287,https://ahonline.drnh.gov.tw/index.php?act=Archive/search/eyJxdWVyeSI6W3siZmllbGQiOiJzdG9yZV9ubyIsInZhbHVlIjoiMDAyLTA1MDEwMS0wMDAwNS0yODciLCJhdHRyIjoiKyJ9XX0%3D
背景保留,78,B,60,827,1218,1946/01/07 ~ 1946/01/07,国防最高委员会秘书厅函国民政府文官处为函送国民参政会建议对于政治协商会议之建议在施行前应先提交国民参政会审议等两案请查照转陈,事件：政治协商、国民参政会；年份：1946,drnh:001-011130-00008-001,https://ahonline.drnh.gov.tw/index.php?act=Archive/search/eyJxdWVyeSI6W3siZmllbGQiOiJzdG9yZV9ubyIsInZhbHVlIjoiMDAxLTAxMTEzMC0wMDAwOC0wMDEiLCJhdHRyIjoiKyJ9XX0%3D
背景保留,78,B,60,826,1217,1946/01/07 ~ 1947/11/24,国民参政会驻会委员会建议政治协商会议在施行前应先提交国民参政会审议、为节省国库支出被裁遣公务员请政府分别给奖尽先输送还乡并任用及请政府与共产党迅即停止军事冲…,事件：政治协商、国民参政会；年份：1946,drnh:001-011130-00008-000,https://ahonline.drnh.gov.tw/index.php?act=Archive/search/eyJxdWVyeSI6W3siZmllbGQiOiJzdG9yZV9ubyIsInZhbHVlIjoiMDAxLTAxMTEzMC0wMDAwOC0wMDAiLCJhdHRyIjoiKyJ9XX0%3D
背景保留,78,B,60,900,1291,1946/01/14 ~ 1946/01/14,孙科吴铁城等致政治协商会议关于和平建国及国民大会问题意见,事件：政治协商、国民大会；年份：1946,drnh:002-020400-00005-014,https://ahonline.drnh.gov.tw/index.php?act=Archive/search/eyJxdWVyeSI6W3siZmllbGQiOiJzdG9yZV9ubyIsInZhbHVlIjoiMDAyLTAyMDQwMC0wMDAwNS0wMTQiLCJhdHRyIjoiKyJ9XX0%3D
背景保留,78,B,60,866,1257,1946/01/28 ~ 1946/01/28,国民政府文官长吴鼎昌函政治协商会议秘书处为山西省工会等电为停战命令限期已过共军仍破坏铁路夺取城镇一案函达查照,事件：政治协商、停战；年份：1946,drnh:001-072450-00003-044,https://ahonline.drnh.gov.tw/index.php?act=Archive/search/eyJxdWVyeSI6W3siZmllbGQiOiJzdG9yZV9ubyIsInZhbHVlIjoiMDAxLTA3MjQ1MC0wMDAwMy0wNDQiLCJhdHRyIjoiKyJ9XX0%3D
背景保留,78,B,60,833,1224,1946/01/29 ~ 1946/01/29,国民政府文官处函政治协商会议秘书处关于四川省参议会电陈国民大会之召开及依法选出代表之请力持正义如期召开案奉批送贵单位函达查照,事件：政治协商、国民大会；年份：1946,drnh:001-011143-00001-002,https://ahonline.drnh.gov.tw/index.php?act=Archive/search/eyJxdWVyeSI6W3siZmllbGQiOiJzdG9yZV9ubyIsInZhbHVlIjoiMDAxLTAxMTE0My0wMDAwMS0wMDIiLCJhdHRyIjoiKyJ9XX0%3D
背景保留,78,B,60,860,1251,1946/01/29 ~ 1946/01/29,政治协商会议秘书长雷震呈国民政府谨将施政纲领军事宪法草案等三组商讨结果签呈察阅,事件：政治协商、宪法；年份：1946,drnh:001-050000-00022-103,https://ahonline.drnh.gov.tw/index.php?act=Archive/search/eyJxdWVyeSI6W3siZmllbGQiOiJzdG9yZV9ubyIsInZhbHVlIjoiMDAxLTA1MDAwMC0wMDAyMi0xMDMiLCJhdHRyIjoiKyJ9XX0%3D
背景保留,78,B,60,834,1225,1946/02/07 ~ 1946/02/07,立法院及国民大会代表选举总事务所关于抄送政治协商会议关于国民大会决议案分存单,事件：政治协商、国民大会；年份：1946,drnh:001-011143-00001-003,https://ahonline.drnh.gov.tw/index.php?act=Archive/search/eyJxdWVyeSI6W3siZmllbGQiOiJzdG9yZV9ubyIsInZhbHVlIjoiMDAxLTAxMTE0My0wMDAwMS0wMDMiLCJhdHRyIjoiKyJ9XX0%3D
背景保留,78,B,60,830,1221,1946/03/07 ~ 1946/03/07,国民政府文官处函国民大会代表选举总事务所自政治协商会议后关于二百四十名指定代表名额业已撤销李善谦谢盛戡二员国大代表资格已无法产生函达查照,事件：政治协商、国民大会；年份：1946,drnh:001-011142-00032-019,https://ahonline.drnh.gov.tw/index.php?act=Archive/search/eyJxdWVyeSI6W3siZmllbGQiOiJzdG9yZV9ubyIsInZhbHVlIjoiMDAxLTAxMTE0Mi0wMDAzMi0wMTkiLCJhdHRyIjoiKyJ9XX0%3D
背景保留,78,B,60,831,1222,1946/03/21 ~ 1946/03/21,国民政府文官长吴鼎昌电国民大会代表选举总事务所主任张厉生为奉谕国民大会会期迫近迅依商定分配名额与各方面洽办相应抄同政治协商会议决定事项电达查照迅办,事件：政治协商、国民大会；年份：1946,drnh:001-011142-00034-058,https://ahonline.drnh.gov.tw/index.php?act=Archive/search/eyJxdWVyeSI6W3siZmllbGQiOiJzdG9yZV9ubyIsInZhbHVlIjoiMDAxLTAxMTE0Mi0wMDAzNC0wNTgiLCJhdHRyIjoiKyJ9XX0%3D
背景保留,78,B,60,838,1229,1946/04/12 ~ 1946/04/12,国民政府文官处函政治协商会议秘书长雷震为遵谕检送中国国民党二中全会对于政协会协议事项之决议案函请查照,事件：政治协商、政协；年份：1946,drnh:001-014152-00014-014,https://ahonline.drnh.gov.tw/index.php?act=Archive/search/eyJxdWVyeSI6W3siZmllbGQiOiJzdG9yZV9ubyIsInZhbHVlIjoiMDAxLTAxNDE1Mi0wMDAxNC0wMTQiLCJhdHRyIjoiKyJ9XX0%3D
背景保留,78,B,60,828,1219,1946/11/25 ~ 1946/11/25,国民政府文官处文书局函政治协商会议秘书长雷震关于国民大会山东省职业代表闻承烈因病不克出席应依一般例案办理,事件：政治协商、国民大会；年份：1946,drnh:001-011142-00030-066,https://ahonline.drnh.gov.tw/index.php?act=Archive/search/eyJxdWVyeSI6W3siZmllbGQiOiJzdG9yZV9ubyIsInZhbHVlIjoiMDAxLTAxMTE0Mi0wMDAzMC0wNjYiLCJhdHRyIjoiKyJ9XX0%3D
背景保留,77,B,60,845,1236,1945/10/01 ~ 1945/10/01,张奚若等各界电蒋中正为陈政治协商会议之意见,事件：政治协商；机关/情报：蒋中正；年份：1945,drnh:001-046400-00001-002,https://ahonline.drnh.gov.tw/index.php?act=Archive/search/eyJxdWVyeSI6W3siZmllbGQiOiJzdG9yZV9ubyIsInZhbHVlIjoiMDAxLTA0NjQwMC0wMDAwMS0wMDIiLCJhdHRyIjoiKyJ9XX0%3D
背景保留,77,B,60,850,1241,1945/10/09 ~ 1945/10/09,杨砥中等各界电国民政府主席蒋中正为拟推派代表参加政治协商会议,事件：政治协商；机关/情报：蒋中正；年份：1945,drnh:001-046400-00002-001,https://ahonline.drnh.gov.tw/index.php?act=Archive/search/eyJxdWVyeSI6W3siZmllbGQiOiJzdG9yZV9ubyIsInZhbHVlIjoiMDAxLTA0NjQwMC0wMDAwMi0wMDEiLCJhdHRyIjoiKyJ9XX0%3D
背景保留,77,B,60,909,1300,1945/10/11 ~ 1945/10/11,蒋中正与毛泽东谈话忽提政治协商会议以缓开为宜并称回延安召集解放区民选代表会议后再定办法及接徐永昌美军总部备忘录称惠勒已解职将返美国拟请任命泰莱继任中国驻印总…,事件：政治协商；机关/情报：蒋中正；年份：1945,drnh:002-060100-00205-011,https://ahonline.drnh.gov.tw/index.php?act=Archive/search/eyJxdWVyeSI6W3siZmllbGQiOiJzdG9yZV9ubyIsInZhbHVlIjoiMDAyLTA2MDEwMC0wMDIwNS0wMTEiLCJhdHRyIjoiKyJ9XX0%3D
背景保留,77,B,60,851,1242,1945/10/30 ~ 1945/10/30,陈立夫呈中国国民党总裁蒋中正为恳请免派出席政治协商会议,事件：政治协商；机关/情报：蒋中正；年份：1945,drnh:001-046400-00002-002,https://ahonline.drnh.gov.tw/index.php?act=Archive/search/eyJxdWVyeSI6W3siZmllbGQiOiJzdG9yZV9ubyIsInZhbHVlIjoiMDAxLTA0NjQwMC0wMDAwMi0wMDIiLCJhdHRyIjoiKyJ9XX0%3D
背景保留,77,B,60,927,1318,1945/11/05 ~ 1945/11/05,对于军事三人小组会议之意见，张樾亭呈蒋中正关于目前消共复政之意见，对中共案政治解决实施步骤及办法，我们对政治协商会议之共同见解等,事件：政治协商；机关/情报：蒋中正；年份：1945,drnh:002-080104-00015-002,https://ahonline.drnh.gov.tw/index.php?act=Archive/search/eyJxdWVyeSI6W3siZmllbGQiOiJzdG9yZV9ubyIsInZhbHVlIjoiMDAyLTA4MDEwNC0wMDAxNS0wMDIiLCJhdHRyIjoiKyJ9XX0%3D
背景保留,77,B,60,910,1301,1945/11/26 ~ 1945/11/26,蒋中正出席中央常务委员会讨论对东北方针后提出召开政治协商会议办法与最高经济委员会组织条例草案并获通过另下午即成立最高经济委员会并致词又接美联合国赔偿委员会委…,事件：政治协商；机关/情报：蒋中正；年份：1945,drnh:002-060100-00206-026,https://ahonline.drnh.gov.tw/index.php?act=Archive/search/eyJxdWVyeSI6W3siZmllbGQiOiJzdG9yZV9ubyIsInZhbHVlIjoiMDAyLTA2MDEwMC0wMDIwNi0wMjYiLCJhdHRyIjoiKyJ9XX0%3D
背景保留,77,B,60,930,1321,1945/12/04 ~ 1945/12/04,李健生函蒋中正概陈周恩来对郭沫若阳翰笙表示中央政府召开政治协商会议问题谈话,事件：政治协商；机关/情报：蒋中正；年份：1945,drnh:002-080200-00303-089,https://ahonline.drnh.gov.tw/index.php?act=Archive/search/eyJxdWVyeSI6W3siZmllbGQiOiJzdG9yZV9ubyIsInZhbHVlIjoiMDAyLTA4MDIwMC0wMDMwMy0wODkiLCJhdHRyIjoiKyJ9XX0%3D
背景保留,77,B,60,852,1243,1945/12/17 ~ 1945/12/17,国民政府文官长吴鼎昌呈主席蒋中正有关吴铁城邵力子孙科王宠惠王世杰张厉生陈布雷等会商政治协商会议日期地点,事件：政治协商；机关/情报：蒋中正；年份：1945,drnh:001-046400-00002-004,https://ahonline.drnh.gov.tw/index.php?act=Archive/search/eyJxdWVyeSI6W3siZmllbGQiOiJzdG9yZV9ubyIsInZhbHVlIjoiMDAxLTA0NjQwMC0wMDAwMi0wMDQiLCJhdHRyIjoiKyJ9XX0%3D
背景保留,77,B,60,893,1284,1945/12/17 ~ 1945/12/17,吴鼎昌电蒋中正其与孙科王宠惠等会商政治协商会议开始日期地点等,事件：政治协商；机关/情报：蒋中正；年份：1945,drnh:002-020400-00005-003,https://ahonline.drnh.gov.tw/index.php?act=Archive/search/eyJxdWVyeSI6W3siZmllbGQiOiJzdG9yZV9ubyIsInZhbHVlIjoiMDAyLTAyMDQwMC0wMDAwNS0wMDMiLCJhdHRyIjoiKyJ9XX0%3D
背景保留,77,B,60,931,1322,1945/12/17 ~ 1945/12/17,吴鼎昌电周宏涛转蒋中正经与孙科王宠惠等昨晚在吴铁城宅会商以政治协商会议日期地点及秘书长人选并请钧座早日回渝针对现势指示会议进行办法,事件：政治协商；机关/情报：蒋中正；年份：1945,drnh:002-090300-00020-001,https://ahonline.drnh.gov.tw/index.php?act=Archive/search/eyJxdWVyeSI6W3siZmllbGQiOiJzdG9yZV9ubyIsInZhbHVlIjoiMDAyLTA5MDMwMC0wMDAyMC0wMDEiLCJhdHRyIjoiKyJ9XX0%3D
背景保留,77,B,60,911,1302,1945/12/24 ~ 1945/12/24,蒋中正手谕邵力子关于明年度预算审查案请于本星期内完毕发还又谕陈诚发包绥守城官兵犒赏洋一千万元又约各院长及耆老谈政治协商会议方针等,事件：政治协商；机关/情报：蒋中正；年份：1945,drnh:002-060100-00207-024,https://ahonline.drnh.gov.tw/index.php?act=Archive/search/eyJxdWVyeSI6W3siZmllbGQiOiJzdG9yZV9ubyIsInZhbHVlIjoiMDAyLTA2MDEwMC0wMDIwNy0wMjQiLCJhdHRyIjoiKyJ9XX0%3D
背景保留,77,B,60,874,1265,1945/12/31 ~ 1945/12/31,国民政府主席蒋中正设酒会款待参加政治协商会议代表,事件：政治协商；机关/情报：蒋中正；年份：1945,drnh:002-050101-00005-290,https://ahonline.drnh.gov.tw/index.php?act=Archive/search/eyJxdWVyeSI6W3siZmllbGQiOiJzdG9yZV9ubyIsInZhbHVlIjoiMDAyLTA1MDEwMS0wMDAwNS0yOTAiLCJhdHRyIjoiKyJ9XX0%3D
背景保留,77,B,60,875,1266,1945/12/31 ~ 1945/12/31,国民政府主席蒋中正于款待政治协商会议代表酒会上接见各党派代表,事件：政治协商；机关/情报：蒋中正；年份：1945,drnh:002-050101-00005-291,https://ahonline.drnh.gov.tw/index.php?act=Archive/search/eyJxdWVyeSI6W3siZmllbGQiOiJzdG9yZV9ubyIsInZhbHVlIjoiMDAyLTA1MDEwMS0wMDAwNS0yOTEiLCJhdHRyIjoiKyJ9XX0%3D
背景保留,77,B,60,876,1267,1945/12/31 ~ 1945/12/31,国民政府主席蒋中正于款待政治协商会议代表酒会上接见中国共产党代表,事件：政治协商；机关/情报：蒋中正；年份：1945,drnh:002-050101-00005-292,https://ahonline.drnh.gov.tw/index.php?act=Archive/search/eyJxdWVyeSI6W3siZmllbGQiOiJzdG9yZV9ubyIsInZhbHVlIjoiMDAyLTA1MDEwMS0wMDAwNS0yOTIiLCJhdHRyIjoiKyJ9XX0%3D
背景保留,77,B,60,877,1268,1945/12/31 ~ 1945/12/31,国民政府主席蒋中正于款待政治协商会议代表酒会上接见中国共产党代表,事件：政治协商；机关/情报：蒋中正；年份：1945,drnh:002-050101-00005-293,https://ahonline.drnh.gov.tw/index.php?act=Archive/search/eyJxdWVyeSI6W3siZmllbGQiOiJzdG9yZV9ubyIsInZhbHVlIjoiMDAyLTA1MDEwMS0wMDAwNS0yOTMiLCJhdHRyIjoiKyJ9XX0%3D
背景保留,77,B,60,878,1269,1945/12/31 ~ 1945/12/31,国民政府主席蒋中正于款待政治协商会议代表酒会上接见中共代表董必武,事件：政治协商；机关/情报：蒋中正；年份：1945,drnh:002-050101-00005-294,https://ahonline.drnh.gov.tw/index.php?act=Archive/search/eyJxdWVyeSI6W3siZmllbGQiOiJzdG9yZV9ubyIsInZhbHVlIjoiMDAyLTA1MDEwMS0wMDAwNS0yOTQiLCJhdHRyIjoiKyJ9XX0%3D
背景保留,77,B,60,912,1303,1946/01/02 ~ 1946/01/02,蒋中正见张群讨论政治协商会议之提案及审阅去年预定工作大纲能如期完成十之八九尤以八年抗战获得最后胜利颇引为欣慰又是日行政院例会决议收复省区沦陷至收复日止各年田…,事件：政治协商；机关/情报：蒋中正；年份：1946,drnh:002-060100-00208-002,https://ahonline.drnh.gov.tw/index.php?act=Archive/search/eyJxdWVyeSI6W3siZmllbGQiOiJzdG9yZV9ubyIsInZhbHVlIjoiMDAyLTA2MDEwMC0wMDIwOC0wMDIiLCJhdHRyIjoiKyJ9XX0%3D
背景保留,77,B,60,913,1304,1946/01/04 ~ 1946/01/04,蒋中正见俞大维谈话知美军在华北所封存敌军之物资已准予启封点交及电钱大钧令向巴贝致谢期协助海运军队北上其回国时可代送中国土产以示谢意又审核政治协商会议中政府方…,事件：政治协商；机关/情报：蒋中正；年份：1946,drnh:002-060100-00208-004,https://ahonline.drnh.gov.tw/index.php?act=Archive/search/eyJxdWVyeSI6W3siZmllbGQiOiJzdG9yZV9ubyIsInZhbHVlIjoiMDAyLTA2MDEwMC0wMDIwOC0wMDQiLCJhdHRyIjoiKyJ9XX0%3D
背景保留,77,B,60,846,1237,1946/01/07 ~ 1946/01/07,雷震呈国民政府主席蒋中正为请暂拨政治协商会议开会费用一千五百万元,事件：政治协商；机关/情报：蒋中正；年份：1946,drnh:001-046400-00001-003,https://ahonline.drnh.gov.tw/index.php?act=Archive/search/eyJxdWVyeSI6W3siZmllbGQiOiJzdG9yZV9ubyIsInZhbHVlIjoiMDAxLTA0NjQwMC0wMDAwMS0wMDMiLCJhdHRyIjoiKyJ9XX0%3D
背景保留,77,B,60,847,1238,1946/01/10 ~ 1946/01/10,贺耀组电国民政府主席蒋中正为拟具政治协商会议外交内政立案要旨,事件：政治协商；机关/情报：蒋中正；年份：1946,drnh:001-046400-00001-004,https://ahonline.drnh.gov.tw/index.php?act=Archive/search/eyJxdWVyeSI6W3siZmllbGQiOiJzdG9yZV9ubyIsInZhbHVlIjoiMDAxLTA0NjQwMC0wMDAwMS0wMDQiLCJhdHRyIjoiKyJ9XX0%3D
背景保留,77,B,60,879,1270,1946/01/10 ~ 1946/01/10,国民政府主席蒋中正主持政治协商会议开幕式,事件：政治协商；机关/情报：蒋中正；年份：1946,drnh:002-050101-00006-001,https://ahonline.drnh.gov.tw/index.php?act=Archive/search/eyJxdWVyeSI6W3siZmllbGQiOiJzdG9yZV9ubyIsInZhbHVlIjoiMDAyLTA1MDEwMS0wMDAwNi0wMDEiLCJhdHRyIjoiKyJ9XX0%3D
背景保留,77,B,60,880,1271,1946/01/10 ~ 1946/01/10,国民政府主席蒋中正于政治协商会议致词-望各党派以国是为主协同完成建国工作,事件：政治协商；机关/情报：蒋中正；年份：1946,drnh:002-050101-00006-002,https://ahonline.drnh.gov.tw/index.php?act=Archive/search/eyJxdWVyeSI6W3siZmllbGQiOiJzdG9yZV9ubyIsInZhbHVlIjoiMDAyLTA1MDEwMS0wMDAwNi0wMDIiLCJhdHRyIjoiKyJ9XX0%3D
背景保留,77,B,60,887,1278,1946/01/10 ~ 1946/01/10,国民政府主席蒋中正主持政治协商会议,事件：政治协商；机关/情报：蒋中正；年份：1946,drnh:002-120000-00057-043,https://ahonline.drnh.gov.tw/index.php?act=Archive/search/eyJxdWVyeSI6W3siZmllbGQiOiJzdG9yZV9ubyIsInZhbHVlIjoiMDAyLTEyMDAwMC0wMDA1Ny0wNDMiLCJhdHRyIjoiKyJ9XX0%3D
背景保留,77,B,60,888,1279,1946/01/10 ~ 1946/01/10,国民政府主席蒋中正主持政治协商会议,事件：政治协商；机关/情报：蒋中正；年份：1946,drnh:002-120000-00057-044,https://ahonline.drnh.gov.tw/index.php?act=Archive/search/eyJxdWVyeSI6W3siZmllbGQiOiJzdG9yZV9ubyIsInZhbHVlIjoiMDAyLTEyMDAwMC0wMDA1Ny0wNDQiLCJhdHRyIjoiKyJ9XX0%3D
背景保留,77,B,60,889,1280,1946/01/10 ~ 1946/01/10,国民政府主席蒋中正主持政治协商会议,事件：政治协商；机关/情报：蒋中正；年份：1946,drnh:002-120000-00057-045,https://ahonline.drnh.gov.tw/index.php?act=Archive/search/eyJxdWVyeSI6W3siZmllbGQiOiJzdG9yZV9ubyIsInZhbHVlIjoiMDAyLTEyMDAwMC0wMDA1Ny0wNDUiLCJhdHRyIjoiKyJ9XX0%3D
背景保留,77,B,60,890,1281,1946/01/10 ~ 1946/01/10,国民政府主席蒋中正主持政治协商会议,事件：政治协商；机关/情报：蒋中正；年份：1946,drnh:002-120000-00057-046,https://ahonline.drnh.gov.tw/index.php?act=Archive/search/eyJxdWVyeSI6W3siZmllbGQiOiJzdG9yZV9ubyIsInZhbHVlIjoiMDAyLTEyMDAwMC0wMDA1Ny0wNDYiLCJhdHRyIjoiKyJ9XX0%3D
背景保留,77,B,60,896,1287,1946/01/10 ~ 1946/01/10,蒋中正对政治协商会议致词节要,事件：政治协商；机关/情报：蒋中正；年份：1946,drnh:002-020400-00005-009,https://ahonline.drnh.gov.tw/index.php?act=Archive/search/eyJxdWVyeSI6W3siZmllbGQiOiJzdG9yZV9ubyIsInZhbHVlIjoiMDAyLTAyMDQwMC0wMDAwNS0wMDkiLCJhdHRyIjoiKyJ9XX0%3D
背景保留,77,B,60,914,1305,1946/01/10 ~ 1946/01/10,蒋中正赴国民政府出席政治协商会议主持开幕典礼并致词表示本会议目的是邀集各党派代表共商国是等并宣布政府决定实施人民之自由与政党之合法地位和普选等及电杜聿明将颁…,事件：政治协商；机关/情报：蒋中正；年份：1946,drnh:002-060100-00208-010,https://ahonline.drnh.gov.tw/index.php?act=Archive/search/eyJxdWVyeSI6W3siZmllbGQiOiJzdG9yZV9ubyIsInZhbHVlIjoiMDAyLTA2MDEwMC0wMDIwOC0wMTAiLCJhdHRyIjoiKyJ9XX0%3D
背景保留,77,B,60,915,1306,1946/01/11 ~ 1946/01/11,蒋中正见张群代表谈军市三人小组会议应催促中共早日商定整编军队与共军接受政府统辖办法及对郑介民指示军事调处执行部注意要旨又是日政治协商会议举行第二次大会张群报…,事件：政治协商；机关/情报：蒋中正；年份：1946,drnh:002-060100-00208-011,https://ahonline.drnh.gov.tw/index.php?act=Archive/search/eyJxdWVyeSI6W3siZmllbGQiOiJzdG9yZV9ubyIsInZhbHVlIjoiMDAyLTA2MDEwMC0wMDIwOC0wMTEiLCJhdHRyIjoiKyJ9XX0%3D
背景保留,77,B,60,897,1288,1946/01/12 ~ 1946/01/12,傅作义电蒋中正建议对政治协商会议之意见,事件：政治协商；机关/情报：蒋中正；年份：1946,drnh:002-020400-00005-011,https://ahonline.drnh.gov.tw/index.php?act=Archive/search/eyJxdWVyeSI6W3siZmllbGQiOiJzdG9yZV9ubyIsInZhbHVlIjoiMDAyLTAyMDQwMC0wMDAwNS0wMTEiLCJhdHRyIjoiKyJ9XX0%3D
背景保留,77,B,60,916,1307,1946/01/12 ~ 1946/01/12,蒋中正接杜聿明电据彭璧玉称苏方希国军赴沈阳接防并先接收抚顺铁岭等外围据点及记本星期反省录政治协商会议已开始关于停止军事冲突与恢复交通办法亦与中共成立协定并颁…,事件：政治协商；机关/情报：蒋中正；年份：1946,drnh:002-060100-00208-012,https://ahonline.drnh.gov.tw/index.php?act=Archive/search/eyJxdWVyeSI6W3siZmllbGQiOiJzdG9yZV9ubyIsInZhbHVlIjoiMDAyLTA2MDEwMC0wMDIwOC0wMTIiLCJhdHRyIjoiKyJ9XX0%3D
背景保留,77,B,60,898,1289,1946/01/13 ~ 1946/01/13,蒋中正电莫德惠政治协商会议已开幕务请即日飞渝,事件：政治协商；机关/情报：蒋中正；年份：1946,drnh:002-020400-00005-012,https://ahonline.drnh.gov.tw/index.php?act=Archive/search/eyJxdWVyeSI6W3siZmllbGQiOiJzdG9yZV9ubyIsInZhbHVlIjoiMDAyLTAyMDQwMC0wMDAwNS0wMTIiLCJhdHRyIjoiKyJ9XX0%3D
背景保留,77,B,60,848,1239,1946/01/14 ~ 1946/01/14,政治协商会议秘书长雷震呈国民政府主席蒋中正有关政治协商会议提案及议程排列办法,事件：政治协商；机关/情报：蒋中正；年份：1946,drnh:001-046400-00001-005,https://ahonline.drnh.gov.tw/index.php?act=Archive/search/eyJxdWVyeSI6W3siZmllbGQiOiJzdG9yZV9ubyIsInZhbHVlIjoiMDAxLTA0NjQwMC0wMDAwMS0wMDUiLCJhdHRyIjoiKyJ9XX0%3D
背景保留,77,B,60,899,1290,1946/01/14 ~ 1946/01/14,胡宗南电蒋中正政治协商会议适予共军以喘息机会请贯彻决策实施申讨,事件：政治协商；机关/情报：蒋中正；年份：1946,drnh:002-020400-00005-013,https://ahonline.drnh.gov.tw/index.php?act=Archive/search/eyJxdWVyeSI6W3siZmllbGQiOiJzdG9yZV9ubyIsInZhbHVlIjoiMDAyLTAyMDQwMC0wMDAwNS0wMTMiLCJhdHRyIjoiKyJ9XX0%3D
背景保留,77,B,60,902,1293,1946/01/14 ~ 1946/01/14,商震呈蒋中正政治协商会议会员提案及议程排列办法,事件：政治协商；机关/情报：蒋中正；年份：1946,drnh:002-020400-00005-016,https://ahonline.drnh.gov.tw/index.php?act=Archive/search/eyJxdWVyeSI6W3siZmllbGQiOiJzdG9yZV9ubyIsInZhbHVlIjoiMDAyLTAyMDQwMC0wMDAwNS0wMTYiLCJhdHRyIjoiKyJ9XX0%3D
背景保留,77,B,60,903,1294,1946/01/15 ~ 1946/01/15,陈布雷呈蒋中正政治协商会议各会员讨论和平建国纲领案发表之意见,事件：政治协商；机关/情报：蒋中正；年份：1946,drnh:002-020400-00005-017,https://ahonline.drnh.gov.tw/index.php?act=Archive/search/eyJxdWVyeSI6W3siZmllbGQiOiJzdG9yZV9ubyIsInZhbHVlIjoiMDAyLTAyMDQwMC0wMDAwNS0wMTciLCJhdHRyIjoiKyJ9XX0%3D
背景保留,77,B,60,904,1295,1946/01/16 ~ 1946/01/16,叶实之呈蒋中正政治协商会议各会员对军队国家化案发表之意见,事件：政治协商；机关/情报：蒋中正；年份：1946,drnh:002-020400-00005-018,https://ahonline.drnh.gov.tw/index.php?act=Archive/search/eyJxdWVyeSI6W3siZmllbGQiOiJzdG9yZV9ubyIsInZhbHVlIjoiMDAyLTAyMDQwMC0wMDAwNS0wMTgiLCJhdHRyIjoiKyJ9XX0%3D
背景保留,77,B,60,905,1296,1946/01/21 ~ 1946/01/21,叶实之呈蒋中正政治协商会议关于“人民权利问题”协议各条文,事件：政治协商；机关/情报：蒋中正；年份：1946,drnh:002-020400-00005-020,https://ahonline.drnh.gov.tw/index.php?act=Archive/search/eyJxdWVyeSI6W3siZmllbGQiOiJzdG9yZV9ubyIsInZhbHVlIjoiMDAyLTAyMDQwMC0wMDAwNS0wMjAiLCJhdHRyIjoiKyJ9XX0%3D
背景保留,77,B,60,868,1259,1946/01/22 ~ 1946/01/22,察哈尔省商会电国民政府主席蒋中正为政治协商会议察绥热问题不在军事调处执行部任务之内由当局另行解决,事件：政治协商；机关/情报：蒋中正；年份：1946,drnh:001-072480-00005-010,https://ahonline.drnh.gov.tw/index.php?act=Archive/search/eyJxdWVyeSI6W3siZmllbGQiOiJzdG9yZV9ubyIsInZhbHVlIjoiMDAxLTA3MjQ4MC0wMDAwNS0wMTAiLCJhdHRyIjoiKyJ9XX0%3D
背景保留,77,B,60,884,1275,1946/01/23 ~ 1946/01/23,国民政府主席蒋中正款待出席政治协商会议代表,事件：政治协商；机关/情报：蒋中正；年份：1946,drnh:002-050101-00006-006,https://ahonline.drnh.gov.tw/index.php?act=Archive/search/eyJxdWVyeSI6W3siZmllbGQiOiJzdG9yZV9ubyIsInZhbHVlIjoiMDAyLTA1MDEwMS0wMDAwNi0wMDYiLCJhdHRyIjoiKyJ9XX0%3D
背景保留,77,B,60,885,1276,1946/01/23 ~ 1946/01/23,国民政府主席蒋中正款待出席政治协商会议代表,事件：政治协商；机关/情报：蒋中正；年份：1946,drnh:002-050101-00006-007,https://ahonline.drnh.gov.tw/index.php?act=Archive/search/eyJxdWVyeSI6W3siZmllbGQiOiJzdG9yZV9ubyIsInZhbHVlIjoiMDAyLTA1MDEwMS0wMDAwNi0wMDciLCJhdHRyIjoiKyJ9XX0%3D
背景保留,77,B,60,891,1282,1946/01/23 ~ 1946/01/23,国民政府主席蒋中正宴政治协商会议代表,事件：政治协商；机关/情报：蒋中正；年份：1946,drnh:002-120000-00057-048,https://ahonline.drnh.gov.tw/index.php?act=Archive/search/eyJxdWVyeSI6W3siZmllbGQiOiJzdG9yZV9ubyIsInZhbHVlIjoiMDAyLTEyMDAwMC0wMDA1Ny0wNDgiLCJhdHRyIjoiKyJ9XX0%3D
背景保留,77,B,60,892,1283,1946/01/23 ~ 1946/01/23,国民政府主席蒋中正宴政治协商会议代表,事件：政治协商；机关/情报：蒋中正；年份：1946,drnh:002-120000-00057-049,https://ahonline.drnh.gov.tw/index.php?act=Archive/search/eyJxdWVyeSI6W3siZmllbGQiOiJzdG9yZV9ubyIsInZhbHVlIjoiMDAyLTEyMDAwMC0wMDA1Ny0wNDkiLCJhdHRyIjoiKyJ9XX0%3D
背景保留,77,B,60,933,1324,1946/01/24 ~ 1946/01/24,王宗山李梦彪电蒋中正政治协商会议业经决定组织军事考察团各省市参议会应有代表参加方能本民意立场发扬正义,事件：政治协商；机关/情报：蒋中正；年份：1946,drnh:002-090300-00020-084,https://ahonline.drnh.gov.tw/index.php?act=Archive/search/eyJxdWVyeSI6W3siZmllbGQiOiJzdG9yZV9ubyIsInZhbHVlIjoiMDAyLTA5MDMwMC0wMDAyMC0wODQiLCJhdHRyIjoiKyJ9XX0%3D
背景保留,77,B,60,935,1326,1946/01/24 ~ 1946/01/24,张金铭电蒋中正孙科等请政治协商会议转饬共军立即确遵命令停止军事行动并请中共还军于国所遗地方部队一律缴出械弹由各省县政府酌量编并为地方警察队,事件：政治协商；机关/情报：蒋中正；年份：1946,drnh:002-090300-00020-086,https://ahonline.drnh.gov.tw/index.php?act=Archive/search/eyJxdWVyeSI6W3siZmllbGQiOiJzdG9yZV9ubyIsInZhbHVlIjoiMDAyLTA5MDMwMC0wMDAyMC0wODYiLCJhdHRyIjoiKyJ9XX0%3D
背景保留,77,B,60,939,1330,1946/01/24 ~ 1946/01/24,刘茂恩电蒋中正据确报焦作共军指挥部接到毛泽东手令谓解放区同志必须加紧工作拼命攻击开展地盘以促成政治协商会议有利形势等情已电各有关机关注意严防,事件：政治协商；机关/情报：蒋中正；年份：1946,drnh:002-090300-00148-088,https://ahonline.drnh.gov.tw/index.php?act=Archive/search/eyJxdWVyeSI6W3siZmllbGQiOiJzdG9yZV9ubyIsInZhbHVlIjoiMDAyLTA5MDMwMC0wMDE0OC0wODgiLCJhdHRyIjoiKyJ9XX0%3D
背景保留,77,B,60,934,1325,1946/01/25 ~ 1946/01/25,林希谦电蒋中正此次政治协商会议决定组织军事考察团以谋有效制止战事查目前战区辽阔请准各省区参议会推派代表参加,事件：政治协商；机关/情报：蒋中正；年份：1946,drnh:002-090300-00020-085,https://ahonline.drnh.gov.tw/index.php?act=Archive/search/eyJxdWVyeSI6W3siZmllbGQiOiJzdG9yZV9ubyIsInZhbHVlIjoiMDAyLTA5MDMwMC0wMDAyMC0wODUiLCJhdHRyIjoiKyJ9XX0%3D
背景保留,77,B,60,940,1331,1946/01/28 ~ 1946/01/28,胡宗南电蒋中正豫北共军奉毛泽东手令为促成政治协商会议于匪有利形势各解放区同志须加紧工作并攻击开展地区以往成绩将来地位均视此次工作而定等情,事件：政治协商；机关/情报：蒋中正；年份：1946,drnh:002-090300-00148-176,https://ahonline.drnh.gov.tw/index.php?act=Archive/search/eyJxdWVyeSI6W3siZmllbGQiOiJzdG9yZV9ubyIsInZhbHVlIjoiMDAyLTA5MDMwMC0wMDE0OC0xNzYiLCJhdHRyIjoiKyJ9XX0%3D
背景保留,77,B,60,941,1332,1946/02/01 ~ 1946/02/01,何应钦电蒋中正焦作共军接到毛泽东手令称政治协商会议进程流血愈多愈有价值以往之成绩将来之地位均视此次工作而定等语已电饬将确实证据搜呈,事件：政治协商；机关/情报：蒋中正；年份：1946,drnh:002-090300-00148-251,https://ahonline.drnh.gov.tw/index.php?act=Archive/search/eyJxdWVyeSI6W3siZmllbGQiOiJzdG9yZV9ubyIsInZhbHVlIjoiMDAyLTA5MDMwMC0wMDE0OC0yNTEiLCJhdHRyIjoiKyJ9XX0%3D
背景保留,77,B,60,921,1312,1946/02/05 ~ 1946/02/05,蒋中正约见英美新闻记者答复其所询有关政府改组共党军队缩编对日政策对俄交涉还都南京等问题，伦敦曼彻斯特报导社论赞扬中国为达成政治统一所召开只政治协商会议政府实…,事件：政治协商；机关/情报：蒋中正；年份：1946,drnh:002-060100-00209-005,https://ahonline.drnh.gov.tw/index.php?act=Archive/search/eyJxdWVyeSI6W3siZmllbGQiOiJzdG9yZV9ubyIsInZhbHVlIjoiMDAyLTA2MDEwMC0wMDIwOS0wMDUiLCJhdHRyIjoiKyJ9XX0%3D
背景保留,77,B,60,855,1246,1946/02/14 ~ 1946/02/14,陶冶电国民政府主席蒋中正为贺政治协商会议会商完成,事件：政治协商；机关/情报：蒋中正；年份：1946,drnh:001-046400-00002-010,https://ahonline.drnh.gov.tw/index.php?act=Archive/search/eyJxdWVyeSI6W3siZmllbGQiOiJzdG9yZV9ubyIsInZhbHVlIjoiMDAxLTA0NjQwMC0wMDAwMi0wMTAiLCJhdHRyIjoiKyJ9XX0%3D
背景保留,77,B,60,836,1227,1946/03/04 ~ 1946/03/04,国民政府文官长吴鼎昌呈主席蒋中正为根据政治协商会议变更国民政府组知各项拟具国民政府组织法修正草案请核改后交二中全会讨论,事件：政治协商；机关/情报：蒋中正；年份：1946,drnh:001-012071-00322-001,https://ahonline.drnh.gov.tw/index.php?act=Archive/search/eyJxdWVyeSI6W3siZmllbGQiOiJzdG9yZV9ubyIsInZhbHVlIjoiMDAxLTAxMjA3MS0wMDMyMi0wMDEiLCJhdHRyIjoiKyJ9XX0%3D
背景保留,77,B,60,856,1247,1946/03/04 ~ 1946/03/04,纽约留美中国同仁及重庆市基督教会电国民政府主席蒋中正为请求彻底执行政治协商会议决议,事件：政治协商；机关/情报：蒋中正；年份：1946,drnh:001-046400-00002-011,https://ahonline.drnh.gov.tw/index.php?act=Archive/search/eyJxdWVyeSI6W3siZmllbGQiOiJzdG9yZV9ubyIsInZhbHVlIjoiMDAxLTA0NjQwMC0wMDAwMi0wMTEiLCJhdHRyIjoiKyJ9XX0%3D
背景保留,77,B,60,835,1226,1946/03/04 ~ 1947/04/21,蒋中正交议根据政治协商会议拟具国民政府组织法，吴鼎昌呈改组国民政府选任五院院长及国民政府委员等注意事项，中央常会决议立法委员延长任期扩增名额及监察委员扩增名…,事件：政治协商；机关/情报：蒋中正；年份：1946,drnh:001-012071-00322-000,https://ahonline.drnh.gov.tw/index.php?act=Archive/search/eyJxdWVyeSI6W3siZmllbGQiOiJzdG9yZV9ubyIsInZhbHVlIjoiMDAxLTAxMjA3MS0wMDMyMi0wMDAiLCJhdHRyIjoiKyJ9XX0%3D
背景保留,77,B,60,926,1317,1946/03/10 ~ 1946/03/10,政治协商会议名单与协议事项及陈立夫等呈蒋中正政治协商会议扩大政府组织案之研究,事件：政治协商；机关/情报：蒋中正；年份：1946,drnh:002-080104-00012-004,https://ahonline.drnh.gov.tw/index.php?act=Archive/search/eyJxdWVyeSI6W3siZmllbGQiOiJzdG9yZV9ubyIsInZhbHVlIjoiMDAyLTA4MDEwNC0wMDAxMi0wMDQiLCJhdHRyIjoiKyJ9XX0%3D
背景保留,77,B,60,944,1335,1946/03/15 ~ 1946/03/15,徐复观呈蒋中正关于政治协商会议及党务革新方案，杨虎呈蒋中正为请争取统制国内外中国帮会党团组织献议书,事件：政治协商；机关/情报：蒋中正；年份：1946,drnh:002-080300-00031-012,https://ahonline.drnh.gov.tw/index.php?act=Archive/search/eyJxdWVyeSI6W3siZmllbGQiOiJzdG9yZV9ubyIsInZhbHVlIjoiMDAyLTA4MDMwMC0wMDAzMS0wMTIiLCJhdHRyIjoiKyJ9XX0%3D
背景保留,77,B,60,943,1334,1946/03/16 ~ 1946/03/16,黄昭明电蒋中正奉郑介民令派军事调处执行部第八小组工作并以机密方法探知中共对国内政治协商会议系为联络各党派推翻政府及在苏军未撤前扩大东北占领区等,事件：政治协商；机关/情报：蒋中正；年份：1946,drnh:002-090400-00003-407,https://ahonline.drnh.gov.tw/index.php?act=Archive/search/eyJxdWVyeSI6W3siZmllbGQiOiJzdG9yZV9ubyIsInZhbHVlIjoiMDAyLTA5MDQwMC0wMDAwMy00MDciLCJhdHRyIjoiKyJ9XX0%3D
背景保留,77,B,60,870,1261,1946/03/19 ~ 1946/03/19,中国共产党代表团函国民政府文官长吴鼎昌为张表方等转来陪都各界庆祝政治协商会议成功大会筹备会来函并附呈文一件嘱转呈主席蒋中正兹将原件奉上希转呈,事件：政治协商；机关/情报：蒋中正；年份：1946,drnh:001-101500-00026-053,https://ahonline.drnh.gov.tw/index.php?act=Archive/search/eyJxdWVyeSI6W3siZmllbGQiOiJzdG9yZV9ubyIsInZhbHVlIjoiMDAxLTEwMTUwMC0wMDAyNi0wNTMiLCJhdHRyIjoiKyJ9XX0%3D
背景保留,77,B,60,781,1172,1946/04/15 ~ 1946/04/15,蒋中正于国民政府召开政协会议并指定张群张厉生邵力子三代表暨雷震秘书长尽速与各方面协商又电熊式辉苏军既已完全退出长春我军应设法由沈阳空运长春并应令驻长部队确实固守长春机场另电周…,事件：政协；机关/情报：蒋中正；年份：1946,drnh:002-060100-00211-015,https://ahonline.drnh.gov.tw/index.php?act=Archive/search/eyJxdWVyeSI6W3siZmllbGQiOiJzdG9yZV9ubyIsInZhbHVlIjoiMDAyLTA2MDEwMC0wMDIxMS0wMTUiLCJhdHRyIjoiKyJ9XX0%3D
背景保留,77,B,60,857,1248,1947/06/27 ~ 1947/06/27,政治协商会议秘书长雷震呈国民政府主席蒋中正为送本会临时费概算书请饬主管机关拨发归垫与核销,事件：政治协商；机关/情报：蒋中正；年份：1947,drnh:001-046400-00002-012,https://ahonline.drnh.gov.tw/index.php?act=Archive/search/eyJxdWVyeSI6W3siZmllbGQiOiJzdG9yZV9ubyIsInZhbHVlIjoiMDAxLTA0NjQwMC0wMDAwMi0wMTIiLCJhdHRyIjoiKyJ9XX0%3D
背景保留,76,B,60,740,1131,1948/11/10 ~ 1948/11/10,毛人凤呈蒋中正青年党有退出政府趋向共匪将提早召开新政协会议及谢伟思谈美对华态度等情报提要四则,事件：政协；机关/情报：蒋中正、情报；年份：1948,drnh:002-080200-00548-107,https://ahonline.drnh.gov.tw/index.php?act=Archive/search/eyJxdWVyeSI6W3siZmllbGQiOiJzdG9yZV9ubyIsInZhbHVlIjoiMDAyLTA4MDIwMC0wMDU0OC0xMDciLCJhdHRyIjoiKyJ9XX0%3D
背景保留,74,B,60,945,1336,1945/08/21 ~ 1945/08/21,一年间影响绥靖军事之政治和谈：第二篇政治协商会议前景,事件：政治协商；年份：1945,drnh:008-010406-00018-002,https://ahonline.drnh.gov.tw/index.php?act=Archive/search/eyJxdWVyeSI6W3siZmllbGQiOiJzdG9yZV9ubyIsInZhbHVlIjoiMDA4LTAxMDQwNi0wMDAxOC0wMDIiLCJhdHRyIjoiKyJ9XX0%3D
背景保留,74,B,60,849,1240,1945/10/09 ~ 1948/05/07,杨砥中等呈各界拟推派代表参加政治协商会议，吴铁城等会商召开政治协商会议日期地点，国民政府与中共议定停止冲突及恢复交通办法，政治协商会…,事件：政治协商；年份：1945,drnh:001-046400-00002-000,https://ahonline.drnh.gov.tw/index.php?act=Archive/search/eyJxdWVyeSI6W3siZmllbGQiOiJzdG9yZV9ubyIsInZhbHVlIjoiMDAxLTA0NjQwMC0wMDAwMi0wMDAiLCJhdHRyIjoiKyJ9XX0%3D
背景保留,74,B,60,886,1277,1945/10/10 ~ 1945/10/10,政治协商会议,事件：政治协商；年份：1945,drnh:002-120000-00007-065,https://ahonline.drnh.gov.tw/index.php?act=Archive/search/eyJxdWVyeSI6W3siZmllbGQiOiJzdG9yZV9ubyIsInZhbHVlIjoiMDAyLTEyMDAwMC0wMDAwNy0wNjUiLCJhdHRyIjoiKyJ9XX0%3D
背景保留,74,B,60,928,1319,1945/11/26 ~ 1945/11/26,政治协商会议会员通讯录，国民政府召开政治协商会议办法,事件：政治协商；年份：1945,drnh:002-080104-00015-007,https://ahonline.drnh.gov.tw/index.php?act=Archive/search/eyJxdWVyeSI6W3siZmllbGQiOiJzdG9yZV9ubyIsInZhbHVlIjoiMDAyLTA4MDEwNC0wMDAxNS0wMDciLCJhdHRyIjoiKyJ9XX0%3D
背景保留,74,B,60,871,1262,1945/12/29 ~ 1945/12/29,款待商谈召开政治协商会议问题代表会场一瞥,事件：政治协商；年份：1945,drnh:002-050101-00005-286,https://ahonline.drnh.gov.tw/index.php?act=Archive/search/eyJxdWVyeSI6W3siZmllbGQiOiJzdG9yZV9ubyIsInZhbHVlIjoiMDAyLTA1MDEwMS0wMDAwNS0yODYiLCJhdHRyIjoiKyJ9XX0%3D
背景保留,74,B,60,873,1264,1945/12/29 ~ 1945/12/29,参加政治协商会议之中国共产党代表,事件：政治协商；年份：1945,drnh:002-050101-00005-289,https://ahonline.drnh.gov.tw/index.php?act=Archive/search/eyJxdWVyeSI6W3siZmllbGQiOiJzdG9yZV9ubyIsInZhbHVlIjoiMDAyLTA1MDEwMS0wMDAwNS0yODkiLCJhdHRyIjoiKyJ9XX0%3D
背景保留,74,B,60,948,1339,1946,政治协商会议办法,事件：政治协商；年份：1946,drnh:015-029900-0013,https://ahonline.drnh.gov.tw/index.php?act=Archive/search/eyJxdWVyeSI6W3siZmllbGQiOiJzdG9yZV9ubyIsInZhbHVlIjoiMDE1LTAyOTkwMC0wMDEzIiwiYXR0ciI6IisifV19
背景保留,74,B,60,949,1340,1946,政治协商会议剪报（一）,事件：政治协商；年份：1946,drnh:017-090104-0046,https://ahonline.drnh.gov.tw/index.php?act=Archive/search/eyJxdWVyeSI6W3siZmllbGQiOiJzdG9yZV9ubyIsInZhbHVlIjoiMDE3LTA5MDEwNC0wMDQ2IiwiYXR0ciI6IisifV19
背景保留,74,B,60,950,1341,1946,政治协商会议剪报（二）,事件：政治协商；年份：1946,drnh:017-090104-0047,https://ahonline.drnh.gov.tw/index.php?act=Archive/search/eyJxdWVyeSI6W3siZmllbGQiOiJzdG9yZV9ubyIsInZhbHVlIjoiMDE3LTA5MDEwNC0wMDQ3IiwiYXR0ciI6IisifV19
背景保留,74,B,60,951,1342,1946,政治协商会议办法,事件：政治协商；年份：1946,drnh:018-070101-0227,https://ahonline.drnh.gov.tw/index.php?act=Archive/search/eyJxdWVyeSI6W3siZmllbGQiOiJzdG9yZV9ubyIsInZhbHVlIjoiMDE4LTA3MDEwMS0wMjI3IiwiYXR0ciI6IisifV19
背景保留,74,B,60,952,1343,1946,政治协商会议剪报资料,事件：政治协商；年份：1946,drnh:020-990600-0184,https://ahonline.drnh.gov.tw/index.php?act=Archive/search/eyJxdWVyeSI6W3siZmllbGQiOiJzdG9yZV9ubyIsInZhbHVlIjoiMDIwLTk5MDYwMC0wMTg0IiwiYXR0ciI6IisifV19
背景保留,74,B,60,895,1286,1946/01/06 ~ 1946/01/06,国民政府公布召开政治协商会议办法,事件：政治协商；年份：1946,drnh:002-020400-00005-008,https://ahonline.drnh.gov.tw/index.php?act=Archive/search/eyJxdWVyeSI6W3siZmllbGQiOiJzdG9yZV9ubyIsInZhbHVlIjoiMDAyLTAyMDQwMC0wMDAwNS0wMDgiLCJhdHRyIjoiKyJ9XX0%3D
背景保留,74,B,60,946,1337,1946/01/06 ~ 1946/01/06,一年间影响绥靖军事之政治和谈：第四篇政治协商会议全貌,事件：政治协商；年份：1946,drnh:008-010406-00018-004,https://ahonline.drnh.gov.tw/index.php?act=Archive/search/eyJxdWVyeSI6W3siZmllbGQiOiJzdG9yZV9ubyIsInZhbHVlIjoiMDA4LTAxMDQwNi0wMDAxOC0wMDQiLCJhdHRyIjoiKyJ9XX0%3D
背景保留,74,B,60,863,1254,1946/01/07 ~ 1946/01/07,政治协商会议秘书处函国民政府文官处为请惠予借用国府大礼堂为开会会场,事件：政治协商；年份：1946,drnh:001-070000-00048-099,https://ahonline.drnh.gov.tw/index.php?act=Archive/search/eyJxdWVyeSI6W3siZmllbGQiOiJzdG9yZV9ubyIsInZhbHVlIjoiMDAxLTA3MDAwMC0wMDA0OC0wOTkiLCJhdHRyIjoiKyJ9XX0%3D
背景保留,74,B,60,947,1338,1946/01/09 ~ 1946/01/09,新中国建设协会对政治协商会议宣言,事件：政治协商；年份：1946,drnh:008-010702-00051-018,https://ahonline.drnh.gov.tw/index.php?act=Archive/search/eyJxdWVyeSI6W3siZmllbGQiOiJzdG9yZV9ubyIsInZhbHVlIjoiMDA4LTAxMDcwMi0wMDA1MS0wMTgiLCJhdHRyIjoiKyJ9XX0%3D
背景保留,74,B,60,861,1252,1946/01/10 ~ 1946/01/10,行政院电国民政府为政治协商会议开会费用案已饬拨国币一千五百万元谨电复鉴察,事件：政治协商；年份：1946,drnh:001-050000-00022-144,https://ahonline.drnh.gov.tw/index.php?act=Archive/search/eyJxdWVyeSI6W3siZmllbGQiOiJzdG9yZV9ubyIsInZhbHVlIjoiMDAxLTA1MDAwMC0wMDAyMi0xNDQiLCJhdHRyIjoiKyJ9XX0%3D
背景保留,74,B,60,881,1272,1946/01/10 ~ 1946/01/10,中国共产党代表周恩来于政治协商会议开幕式上致词,事件：政治协商；年份：1946,drnh:002-050101-00006-003,https://ahonline.drnh.gov.tw/index.php?act=Archive/search/eyJxdWVyeSI6W3siZmllbGQiOiJzdG9yZV9ubyIsInZhbHVlIjoiMDAyLTA1MDEwMS0wMDAwNi0wMDMiLCJhdHRyIjoiKyJ9XX0%3D
背景保留,74,B,60,882,1273,1946/01/10 ~ 1946/01/10,政治协商会议开幕式会场一瞥,事件：政治协商；年份：1946,drnh:002-050101-00006-004,https://ahonline.drnh.gov.tw/index.php?act=Archive/search/eyJxdWVyeSI6W3siZmllbGQiOiJzdG9yZV9ubyIsInZhbHVlIjoiMDAyLTA1MDEwMS0wMDAwNi0wMDQiLCJhdHRyIjoiKyJ9XX0%3D
背景保留,74,B,60,883,1274,1946/01/10 ~ 1946/01/10,政治协商会议分组讨论,事件：政治协商；年份：1946,drnh:002-050101-00006-005,https://ahonline.drnh.gov.tw/index.php?act=Archive/search/eyJxdWVyeSI6W3siZmllbGQiOiJzdG9yZV9ubyIsInZhbHVlIjoiMDAyLTA1MDEwMS0wMDAwNi0wMDUiLCJhdHRyIjoiKyJ9XX0%3D
背景保留,74,B,60,858,1249,1946/01/14 ~ 1946/01/14,政治协商会议秘书长雷震呈国民政府为呈送政治协商会议会员提案及议程等祈察阅,事件：政治协商；年份：1946,drnh:001-050000-00022-096,https://ahonline.drnh.gov.tw/index.php?act=Archive/search/eyJxdWVyeSI6W3siZmllbGQiOiJzdG9yZV9ubyIsInZhbHVlIjoiMDAxLTA1MDAwMC0wMDAyMi0wOTYiLCJhdHRyIjoiKyJ9XX0%3D
背景保留,74,B,60,901,1292,1946/01/14 ~ 1946/01/14,王世杰对政治协商会议对中国国民党所提扩大政府组织案之内容有所说明,事件：政治协商；年份：1946,drnh:002-020400-00005-015,https://ahonline.drnh.gov.tw/index.php?act=Archive/search/eyJxdWVyeSI6W3siZmllbGQiOiJzdG9yZV9ubyIsInZhbHVlIjoiMDAyLTAyMDQwMC0wMDAwNS0wMTUiLCJhdHRyIjoiKyJ9XX0%3D
背景保留,74,B,60,864,1255,1946/01/21 ~ 1946/01/21,山西省工会等电呈国民政府为请政治协商会议制止共军攻击等情,事件：政治协商；年份：1946,drnh:001-072450-00003-042,https://ahonline.drnh.gov.tw/index.php?act=Archive/search/eyJxdWVyeSI6W3siZmllbGQiOiJzdG9yZV9ubyIsInZhbHVlIjoiMDAxLTA3MjQ1MC0wMDAwMy0wNDIiLCJhdHRyIjoiKyJ9XX0%3D
背景保留,74,B,60,859,1250,1946/01/26 ~ 1946/01/26,政治协商会议秘书长雷震呈国民政府为签陈中国工程师学会等一百六十五团体呈函祈鉴核,事件：政治协商；年份：1946,drnh:001-050000-00022-102,https://ahonline.drnh.gov.tw/index.php?act=Archive/search/eyJxdWVyeSI6W3siZmllbGQiOiJzdG9yZV9ubyIsInZhbHVlIjoiMDAxLTA1MDAwMC0wMDAyMi0xMDIiLCJhdHRyIjoiKyJ9XX0%3D
背景保留,74,B,60,865,1256,1946/01/28 ~ 1946/01/28,国民政府文官长吴鼎昌函军事委员会为山西省工会等电请政治协商会议制止共军攻击一案函达查照,事件：政治协商；年份：1946,drnh:001-072450-00003-043,https://ahonline.drnh.gov.tw/index.php?act=Archive/search/eyJxdWVyeSI6W3siZmllbGQiOiJzdG9yZV9ubyIsInZhbHVlIjoiMDAxLTA3MjQ1MC0wMDAwMy0wNDMiLCJhdHRyIjoiKyJ9XX0%3D
背景保留,74,B,60,869,1260,1946/01/29 ~ 1946/01/29,国民政府文官处函张群为政治协商会议察绥热问题来电三件请参考,事件：政治协商；年份：1946,drnh:001-072480-00005-013,https://ahonline.drnh.gov.tw/index.php?act=Archive/search/eyJxdWVyeSI6W3siZmllbGQiOiJzdG9yZV9ubyIsInZhbHVlIjoiMDAxLTA3MjQ4MC0wMDAwNS0wMTMiLCJhdHRyIjoiKyJ9XX0%3D
背景保留,74,B,60,841,1232,1946/01/31 ~ 1946/01/31,国民政府文官长吴鼎昌函政治协商会议秘书处为陕北特区人民自救会电为中共肆虐提供意见四项请迅予设法实施以平内乱一案函达查照,事件：政治协商；年份：1946,drnh:001-014510-00001-065,https://ahonline.drnh.gov.tw/index.php?act=Archive/search/eyJxdWVyeSI6W3siZmllbGQiOiJzdG9yZV9ubyIsInZhbHVlIjoiMDAxLTAxNDUxMC0wMDAwMS0wNjUiLCJhdHRyIjoiKyJ9XX0%3D
背景保留,74,B,60,867,1258,1946/01/31 ~ 1946/01/31,国民政府文官处函政治协商会议秘书长雷震为山东省政府临时参议会议长裴鸣宇电军事考察团必须有各省市民意机关代表参加本会推孙丹林参加请查照,事件：政治协商；年份：1946,drnh:001-072480-00001-003,https://ahonline.drnh.gov.tw/index.php?act=Archive/search/eyJxdWVyeSI6W3siZmllbGQiOiJzdG9yZV9ubyIsInZhbHVlIjoiMDAxLTA3MjQ4MC0wMDAwMS0wMDMiLCJhdHRyIjoiKyJ9XX0%3D
背景保留,74,B,60,907,1298,1946/02/01 ~ 1946/02/01,政治协商会议协议扩大政府组织者及和平建国纲领等事项,事件：政治协商；年份：1946,drnh:002-020400-00005-023,https://ahonline.drnh.gov.tw/index.php?act=Archive/search/eyJxdWVyeSI6W3siZmllbGQiOiJzdG9yZV9ubyIsInZhbHVlIjoiMDAyLTAyMDQwMC0wMDAwNS0wMjMiLCJhdHRyIjoiKyJ9XX0%3D
背景保留,74,B,60,825,1216,1946/02/07 ~ 1946/02/07,分存单中央秘书处国防秘书厅抄送政治协商会议决议案一份,事件：政治协商；年份：1946,drnh:001-010000-00024-035,https://ahonline.drnh.gov.tw/index.php?act=Archive/search/eyJxdWVyeSI6W3siZmllbGQiOiJzdG9yZV9ubyIsInZhbHVlIjoiMDAxLTAxMDAwMC0wMDAyNC0wMzUiLCJhdHRyIjoiKyJ9XX0%3D
背景保留,74,B,60,862,1253,1946/02/11 ~ 1946/02/11,政治协商会议秘书长雷震呈国民政府为呈报宪草审议委员会开会日期,事件：政治协商；年份：1946,drnh:001-050000-00022-165,https://ahonline.drnh.gov.tw/index.php?act=Archive/search/eyJxdWVyeSI6W3siZmllbGQiOiJzdG9yZV9ubyIsInZhbHVlIjoiMDAxLTA1MDAwMC0wMDAyMi0xNjUiLCJhdHRyIjoiKyJ9XX0%3D
背景保留,74,B,60,829,1220,1946/03/07 ~ 1946/03/07,国民政府文官处文书局函参军处军务局关于李善谦谢盛戡在二百四十名指定代表名额中予以指定一案自政治协商会议后事实上已不可能函达查照,事件：政治协商；年份：1946,drnh:001-011142-00032-018,https://ahonline.drnh.gov.tw/index.php?act=Archive/search/eyJxdWVyeSI6W3siZmllbGQiOiJzdG9yZV9ubyIsInZhbHVlIjoiMDAxLTAxMTE0Mi0wMDAzMi0wMTgiLCJhdHRyIjoiKyJ9XX0%3D
背景保留,74,B,60,942,1333,1946/03/18 ~ 1946/03/18,赵君迈高维翰高理文电蒋经国四平街失陷共军有公开集结活动又苏军藉演习实行扫荡非正式部队等及政治协商会议之决定与军事三人小组工作应将东北包括在内,事件：政治协商；年份：1946,drnh:002-090400-00003-112,https://ahonline.drnh.gov.tw/index.php?act=Archive/search/eyJxdWVyeSI6W3siZmllbGQiOiJzdG9yZV9ubyIsInZhbHVlIjoiMDAyLTA5MDQwMC0wMDAwMy0xMTIiLCJhdHRyIjoiKyJ9XX0%3D
背景保留,74,B,60,832,1223,1946/03/23 ~ 1946/03/23,中国回教协会甘肃武威分会电二中全会政治协商会议请准回民参政及分配国大代表名额,事件：政治协商；年份：1946,drnh:001-011142-00066-007,https://ahonline.drnh.gov.tw/index.php?act=Archive/search/eyJxdWVyeSI6W3siZmllbGQiOiJzdG9yZV9ubyIsInZhbHVlIjoiMDAxLTAxMTE0Mi0wMDA2Ni0wMDciLCJhdHRyIjoiKyJ9XX0%3D
背景保留,74,B,60,837,1228,1946/04/02 ~ 1946/04/02,中国国民党中央执行委员会秘书处函国民政府文官处为政治协商会议事项业报告中国国民党二中全会并由审查会研讨制成决议案提奉大会通过函请查照转陈办理,事件：政治协商；年份：1946,drnh:001-014152-00014-013,https://ahonline.drnh.gov.tw/index.php?act=Archive/search/eyJxdWVyeSI6W3siZmllbGQiOiJzdG9yZV9ubyIsInZhbHVlIjoiMDAxLTAxNDE1Mi0wMDAxNC0wMTMiLCJhdHRyIjoiKyJ9XX0%3D
背景保留,74,B,60,839,1230,1946/04/09 ~ 1946/04/09,国防最高委员会秘书厅函国民政府文官处有关中国国民党中央执行委员会秘书处函送二中全会对于政治协商会议报告决议案遵批函请查照转陈,事件：政治协商；年份：1946,drnh:001-014152-00014-019,https://ahonline.drnh.gov.tw/index.php?act=Archive/search/eyJxdWVyeSI6W3siZmllbGQiOiJzdG9yZV9ubyIsInZhbHVlIjoiMDAxLTAxNDE1Mi0wMDAxNC0wMTkiLCJhdHRyIjoiKyJ9XX0%3D
背景保留,74,B,60,840,1231,1946/04/17 ~ 1946/04/17,国民政府文官处函国防最高委员会秘书厅有关中国国民党中央执行委员会秘书处函送二中全会对于政治协商会议报告决议案复请查照,事件：政治协商；年份：1946,drnh:001-014152-00014-020,https://ahonline.drnh.gov.tw/index.php?act=Archive/search/eyJxdWVyeSI6W3siZmllbGQiOiJzdG9yZV9ubyIsInZhbHVlIjoiMDAxLTAxNDE1Mi0wMDAxNC0wMjAiLCJhdHRyIjoiKyJ9XX0%3D
背景保留,74,B,60,842,1233,1946/11/16 ~ 1946/11/16,国防最高委员会秘书厅函国民政府文官处为核定政治协商会议还都经费及还都后房屋修缮租赁费预算,事件：政治协商；年份：1946,drnh:001-014510-00003-002,https://ahonline.drnh.gov.tw/index.php?act=Archive/search/eyJxdWVyeSI6W3siZmllbGQiOiJzdG9yZV9ubyIsInZhbHVlIjoiMDAxLTAxNDUxMC0wMDAwMy0wMDIiLCJhdHRyIjoiKyJ9XX0%3D
背景保留,74,B,60,843,1234,1946/11/20 ~ 1946/11/20,国民政府训令行政院等为核定政治协商会议还都经费及还都后房屋修缮租赁费预算一案令仰转饬遵照,事件：政治协商；年份：1946,drnh:001-014510-00003-003,https://ahonline.drnh.gov.tw/index.php?act=Archive/search/eyJxdWVyeSI6W3siZmllbGQiOiJzdG9yZV9ubyIsInZhbHVlIjoiMDAxLTAxNDUxMC0wMDAwMy0wMDMiLCJhdHRyIjoiKyJ9XX0%3D
背景保留,73,B,60,776,1167,1947,政治－沈钧儒审判案（二）,人物：沈钧儒；年份：1947,drnh:127-010600-0006,https://ahonline.drnh.gov.tw/index.php?act=Archive/search/eyJxdWVyeSI6W3siZmllbGQiOiJzdG9yZV9ubyIsInZhbHVlIjoiMTI3LTAxMDYwMC0wMDA2IiwiYXR0ciI6IisifV19
背景保留,73,B,60,925,1316,1949/03/05 ~ 1949/03/05,蒋中正接见吴忠信等资政谈话检讨外交之经过与得失认为此次失败以外交失败为总因而我国之失败俄共之胜利即为美国根本失败但美国迄未觉悟另研究共匪企图召开所谓扩大新政治协商会议…,事件：政治协商；机关/情报：蒋中正；年份：1949,drnh:002-060100-00250-005,https://ahonline.drnh.gov.tw/index.php?act=Archive/search/eyJxdWVyeSI6W3siZmllbGQiOiJzdG9yZV9ubyIsInZhbHVlIjoiMDAyLTA2MDEwMC0wMDI1MC0wMDUiLCJhdHRyIjoiKyJ9XX0%3D
背景保留,67,B,60,660,1051,1942/00/00 ~ 1942/00/00,张澜等提实现民主以加强抗战力量树立建国基础案，张九如等提厉行裁并骈枝机关节减公帑充实军需并增进行政效率案,人物：张澜；年份：1942,drnh:002-080101-00023-006,https://ahonline.drnh.gov.tw/index.php?act=Archive/search/eyJxdWVyeSI6W3siZmllbGQiOiJzdG9yZV9ubyIsInZhbHVlIjoiMDAyLTA4MDEwMS0wMDAyMy0wMDYiLCJhdHRyIjoiKyJ9XX0%3D
背景保留,67,B,60,661,1052,1943/00/00 ~ 1943/00/00,摘录张澜撰中国需要真正民主政治,人物：张澜；年份：1943,drnh:002-080101-00023-011,https://ahonline.drnh.gov.tw/index.php?act=Archive/search/eyJxdWVyeSI6W3siZmllbGQiOiJzdG9yZV9ubyIsInZhbHVlIjoiMDAyLTA4MDEwMS0wMDAyMy0wMTEiLCJhdHRyIjoiKyJ9XX0%3D
